createdat,topic,sentimentscore,eventprocessedutctime,partitionid,eventenqueuedutctime
2016-10-09T14:19:57,Unknown,2,2016-10-09T14:29:22.3120811Z,0,2016-10-09T14:20:04.724Z
2016-10-09T14:19:57,amazon,2,2016-10-09T14:29:22.4370888Z,1,2016-10-09T14:20:05.455Z
2016-10-09T14:19:57,amazon,2,2016-10-09T14:29:22.4528809Z,1,2016-10-09T14:20:06.131Z
2016-10-09T14:19:57,amazon,2,2016-10-09T14:29:22.4528809Z,1,2016-10-09T14:20:06.834Z
2016-10-09T14:19:57,Unknown,2,2016-10-09T14:29:22.3433446Z,0,2016-10-09T14:20:07.585Z
2016-10-09T14:19:57,Unknown,2,2016-10-09T14:29:22.3433446Z,0,2016-10-09T14:20:08.242Z
2016-10-09T14:19:57,google,2,2016-10-09T14:29:23.265267Z,3,2016-10-09T14:20:08.822Z
2016-10-09T14:19:57,Microsoft,2,2016-10-09T14:29:22.3433446Z,0,2016-10-09T14:20:09.59Z
2016-10-09T14:19:57,google,2,2016-10-09T14:29:23.265267Z,3,2016-10-09T14:20:10.15Z
2016-10-09T14:19:58,Unknown,2,2016-10-09T14:29:22.3433446Z,0,2016-10-09T14:20:14.906Z
2016-10-09T14:19:58,Unknown,2,2016-10-09T14:29:22.3433446Z,0,2016-10-09T14:20:15.546Z
2016-10-09T14:19:58,amazon,2,2016-10-09T14:29:22.4528809Z,1,2016-10-09T14:20:16.12Z
2016-10-09T14:19:58,amazon,2,2016-10-09T14:29:22.4528809Z,1,2016-10-09T14:20:16.842Z
2016-10-09T14:19:58,Unknown,2,2016-10-09T14:29:22.3433446Z,0,2016-10-09T14:20:17.486Z
2016-10-09T14:19:58,Unknown,4,2016-10-09T14:29:22.3433446Z,0,2016-10-09T14:20:18.158Z
2016-10-09T14:19:58,amazon,2,2016-10-09T14:29:22.4528809Z,1,2016-10-09T14:20:18.749Z
2016-10-09T14:19:58,google,2,2016-10-09T14:29:23.265267Z,3,2016-10-09T14:20:19.36Z
2016-10-09T14:19:58,amazon,2,2016-10-09T14:29:22.4528809Z,1,2016-10-09T14:20:20.033Z
2016-10-09T14:19:58,google,2,2016-10-09T14:29:23.265267Z,3,2016-10-09T14:20:20.657Z
2016-10-09T14:19:58,amazon,2,2016-10-09T14:29:22.4528809Z,1,2016-10-09T14:20:21.347Z
2016-10-09T14:19:58,amazon,2,2016-10-09T14:29:22.4528809Z,1,2016-10-09T14:20:22.004Z
2016-10-09T14:19:58,Unknown,2,2016-10-09T14:29:22.3433446Z,0,2016-10-09T14:20:22.675Z
2016-10-09T14:19:58,google,2,2016-10-09T14:29:23.265267Z,3,2016-10-09T14:20:23.27Z
2016-10-09T14:19:58,Unknown,2,2016-10-09T14:29:22.3433446Z,0,2016-10-09T14:20:24.051Z
2016-10-09T14:19:58,google,2,2016-10-09T14:29:23.265267Z,3,2016-10-09T14:20:24.614Z
2016-10-09T14:19:58,XBox,2,2016-10-09T14:29:22.4528809Z,1,2016-10-09T14:20:25.306Z
2016-10-09T14:19:58,amazon,2,2016-10-09T14:29:22.4528809Z,1,2016-10-09T14:20:25.947Z
2016-10-09T14:19:58,Unknown,2,2016-10-09T14:29:22.3433446Z,0,2016-10-09T14:20:26.613Z
2016-10-09T14:19:58,Unknown,2,2016-10-09T14:29:22.3433446Z,0,2016-10-09T14:20:27.238Z
2016-10-09T14:19:59,Unknown,4,2016-10-09T14:29:22.3433446Z,0,2016-10-09T14:20:27.926Z
2016-10-09T14:19:58,amazon,2,2016-10-09T14:29:22.4528809Z,1,2016-10-09T14:20:28.516Z
2016-10-09T14:19:59,amazon,2,2016-10-09T14:29:22.4528809Z,1,2016-10-09T14:20:29.268Z
2016-10-09T14:19:59,Unknown,2,2016-10-09T14:29:22.3433446Z,0,2016-10-09T14:20:29.941Z
2016-10-09T14:19:59,amazon,2,2016-10-09T14:29:22.4528809Z,1,2016-10-09T14:20:30.55Z
2016-10-09T14:19:59,Unknown,2,2016-10-09T14:29:22.3433446Z,0,2016-10-09T14:20:31.223Z
2016-10-09T14:19:59,amazon,2,2016-10-09T14:29:22.4686532Z,1,2016-10-09T14:20:31.836Z
2016-10-09T14:19:59,amazon,2,2016-10-09T14:29:22.4686532Z,1,2016-10-09T14:20:32.774Z
2016-10-09T14:19:59,Unknown,2,2016-10-09T14:29:22.3433446Z,0,2016-10-09T14:20:33.446Z
2016-10-09T14:19:59,Unknown,2,2016-10-09T14:29:22.3433446Z,0,2016-10-09T14:20:34.102Z
2016-10-09T14:19:59,bigdata,2,2016-10-09T14:29:22.4686532Z,1,2016-10-09T14:20:34.698Z
2016-10-09T14:19:59,amazon,2,2016-10-09T14:29:22.4686532Z,1,2016-10-09T14:20:35.916Z
2016-10-09T14:19:59,amazon,2,2016-10-09T14:29:22.4686532Z,1,2016-10-09T14:20:36.573Z
2016-10-09T14:19:59,Unknown,2,2016-10-09T14:29:22.3589542Z,0,2016-10-09T14:20:37.26Z
2016-10-09T14:19:59,Unknown,2,2016-10-09T14:29:22.3589542Z,0,2016-10-09T14:20:37.932Z
2016-10-09T14:20:00,Unknown,2,2016-10-09T14:29:22.3589542Z,0,2016-10-09T14:20:38.604Z
2016-10-09T14:20:00,Unknown,2,2016-10-09T14:29:22.3589542Z,0,2016-10-09T14:20:39.495Z
2016-10-09T14:20:00,amazon,2,2016-10-09T14:29:22.4686532Z,1,2016-10-09T14:20:40.113Z
2016-10-09T14:20:00,bigdata,4,2016-10-09T14:29:22.4686532Z,1,2016-10-09T14:20:40.788Z
2016-10-09T14:20:00,Unknown,2,2016-10-09T14:29:22.3589542Z,0,2016-10-09T14:20:41.448Z
2016-10-09T14:20:00,Skype,2,2016-10-09T14:29:23.093372Z,2,2016-10-09T14:20:42.257Z
2016-10-09T14:20:00,amazon,2,2016-10-09T14:29:22.4686532Z,1,2016-10-09T14:20:42.921Z
2016-10-09T14:20:00,Microsoft,2,2016-10-09T14:29:22.3589542Z,0,2016-10-09T14:20:53.926Z
2016-10-09T14:20:00,amazon,2,2016-10-09T14:29:22.4686532Z,1,2016-10-09T14:20:54.532Z
2016-10-09T14:20:00,bigdata,4,2016-10-09T14:29:22.4686532Z,1,2016-10-09T14:20:55.174Z
2016-10-09T14:20:00,bigdata,2,2016-10-09T14:29:22.4686532Z,1,2016-10-09T14:20:55.83Z
2016-10-09T14:20:00,google,2,2016-10-09T14:29:23.265267Z,3,2016-10-09T14:20:56.436Z
2016-10-09T14:20:00,amazon,2,2016-10-09T14:29:22.4686532Z,1,2016-10-09T14:20:57.127Z
2016-10-09T14:20:00,Unknown,2,2016-10-09T14:29:22.3589542Z,0,2016-10-09T14:20:57.801Z
2016-10-09T14:20:00,XBox,2,2016-10-09T14:29:22.4686532Z,1,2016-10-09T14:20:58.396Z
2016-10-09T14:20:01,Microsoft,2,2016-10-09T14:29:22.3589542Z,0,2016-10-09T14:20:59.052Z
2016-10-09T14:20:00,bigdata,2,2016-10-09T14:29:22.4686532Z,1,2016-10-09T14:20:59.709Z
2016-10-09T14:20:00,google,2,2016-10-09T14:29:23.265267Z,3,2016-10-09T14:21:00.298Z
2016-10-09T14:20:01,amazon,2,2016-10-09T14:29:22.4686532Z,1,2016-10-09T14:21:00.991Z
2016-10-09T14:20:01,google,2,2016-10-09T14:29:23.265267Z,3,2016-10-09T14:21:01.596Z
2016-10-09T14:20:01,amazon,2,2016-10-09T14:29:22.4686532Z,1,2016-10-09T14:21:02.288Z
2016-10-09T14:20:01,amazon,2,2016-10-09T14:29:22.4686532Z,1,2016-10-09T14:21:02.929Z
2016-10-09T14:20:01,google,2,2016-10-09T14:29:23.265267Z,3,2016-10-09T14:21:03.52Z
2016-10-09T14:20:01,amazon,2,2016-10-09T14:29:22.4686532Z,1,2016-10-09T14:21:04.195Z
2016-10-09T14:20:01,XBox,4,2016-10-09T14:29:22.4686532Z,1,2016-10-09T14:21:04.852Z
2016-10-09T14:20:01,Unknown,2,2016-10-09T14:29:22.3589542Z,0,2016-10-09T14:21:05.523Z
2016-10-09T14:20:01,amazon,2,2016-10-09T14:29:22.4686532Z,1,2016-10-09T14:21:06.195Z
2016-10-09T14:20:01,amazon,2,2016-10-09T14:29:22.4686532Z,1,2016-10-09T14:21:06.914Z
2016-10-09T14:20:01,amazon,2,2016-10-09T14:29:22.4839619Z,1,2016-10-09T14:21:07.555Z
2016-10-09T14:20:01,Unknown,2,2016-10-09T14:29:22.3589542Z,0,2016-10-09T14:21:08.211Z
2016-10-09T14:20:02,google,2,2016-10-09T14:29:23.265267Z,3,2016-10-09T14:21:08.78Z
2016-10-09T14:20:02,Unknown,2,2016-10-09T14:29:22.3589542Z,0,2016-10-09T14:21:09.633Z
2016-10-09T14:20:02,XBox,2,2016-10-09T14:29:22.4839619Z,1,2016-10-09T14:21:10.291Z
2016-10-09T14:20:02,google,2,2016-10-09T14:29:23.265267Z,3,2016-10-09T14:21:10.89Z
2016-10-09T14:20:02,amazon,2,2016-10-09T14:29:22.4839619Z,1,2016-10-09T14:21:11.557Z
2016-10-09T14:20:01,amazon,2,2016-10-09T14:29:22.4839619Z,1,2016-10-09T14:21:12.182Z
2016-10-09T14:20:01,Unknown,2,2016-10-09T14:29:22.3589542Z,0,2016-10-09T14:21:12.852Z
2016-10-09T14:20:02,amazon,2,2016-10-09T14:29:22.4839619Z,1,2016-10-09T14:21:13.779Z
2016-10-09T14:20:02,Unknown,2,2016-10-09T14:29:22.3589542Z,0,2016-10-09T14:21:14.445Z
2016-10-09T14:20:02,Unknown,2,2016-10-09T14:29:22.3589542Z,0,2016-10-09T14:21:15.07Z
2016-10-09T14:20:02,Unknown,2,2016-10-09T14:29:22.3589542Z,0,2016-10-09T14:21:15.711Z
2016-10-09T14:20:02,Unknown,4,2016-10-09T14:29:22.3589542Z,0,2016-10-09T14:21:16.352Z
2016-10-09T14:20:02,XBox,2,2016-10-09T14:29:22.4839619Z,1,2016-10-09T14:21:16.953Z
2016-10-09T14:20:02,google,2,2016-10-09T14:29:23.265267Z,3,2016-10-09T14:21:17.55Z
2016-10-09T14:20:02,amazon,2,2016-10-09T14:29:22.4839619Z,1,2016-10-09T14:21:18.25Z
2016-10-09T14:20:02,Unknown,2,2016-10-09T14:29:22.3589542Z,0,2016-10-09T14:21:19.164Z
2016-10-09T14:20:02,Skype,0,2016-10-09T14:29:23.093372Z,2,2016-10-09T14:21:19.826Z
2016-10-09T14:20:02,google,4,2016-10-09T14:29:23.265267Z,3,2016-10-09T14:21:20.396Z
2016-10-09T14:20:02,Unknown,2,2016-10-09T14:29:22.3589542Z,0,2016-10-09T14:21:21.088Z
2016-10-09T14:20:02,cloud,2,2016-10-09T14:29:22.3589542Z,0,2016-10-09T14:21:21.713Z
2016-10-09T14:20:03,google,2,2016-10-09T14:29:23.265267Z,3,2016-10-09T14:21:22.291Z
2016-10-09T14:20:03,amazon,2,2016-10-09T14:29:22.4839619Z,1,2016-10-09T14:21:22.949Z
2016-10-09T14:20:03,cloud,2,2016-10-09T14:29:22.3589542Z,0,2016-10-09T14:21:23.603Z
2016-10-09T14:20:03,Unknown,2,2016-10-09T14:29:22.3589542Z,0,2016-10-09T14:21:24.228Z
2016-10-09T14:20:03,Skype,2,2016-10-09T14:29:23.093372Z,2,2016-10-09T14:21:24.873Z
2016-10-09T14:20:03,Unknown,2,2016-10-09T14:29:22.3589542Z,0,2016-10-09T14:21:25.51Z
2016-10-09T14:20:03,Skype,2,2016-10-09T14:29:23.093372Z,2,2016-10-09T14:21:26.156Z
2016-10-09T14:20:03,Unknown,2,2016-10-09T14:29:22.3589542Z,0,2016-10-09T14:21:26.838Z
2016-10-09T14:20:03,Unknown,2,2016-10-09T14:29:22.3589542Z,0,2016-10-09T14:21:27.479Z
2016-10-09T14:20:03,google,2,2016-10-09T14:29:23.265267Z,3,2016-10-09T14:21:28.049Z
2016-10-09T14:20:03,Unknown,2,2016-10-09T14:29:22.3589542Z,0,2016-10-09T14:21:28.748Z
2016-10-09T14:20:03,google,2,2016-10-09T14:29:23.265267Z,3,2016-10-09T14:21:29.299Z
2016-10-09T14:20:03,XBox,2,2016-10-09T14:29:22.4839619Z,1,2016-10-09T14:21:29.989Z
2016-10-09T14:20:03,google,2,2016-10-09T14:29:23.265267Z,3,2016-10-09T14:21:30.661Z
2016-10-09T14:20:03,amazon,2,2016-10-09T14:29:22.4839619Z,1,2016-10-09T14:21:31.333Z
2016-10-09T14:20:03,cloud,0,2016-10-09T14:29:22.3589542Z,0,2016-10-09T14:21:32.015Z
2016-10-09T14:20:03,Skype,2,2016-10-09T14:29:23.093372Z,2,2016-10-09T14:21:32.728Z
2016-10-09T14:20:03,hacking,2,2016-10-09T14:29:22.4839619Z,1,2016-10-09T14:21:33.335Z
2016-10-09T14:20:03,amazon,2,2016-10-09T14:29:22.4839619Z,1,2016-10-09T14:21:33.96Z
2016-10-09T14:20:04,amazon,2,2016-10-09T14:29:22.4839619Z,1,2016-10-09T14:21:34.59Z
2016-10-09T14:20:04,amazon,2,2016-10-09T14:29:22.4839619Z,1,2016-10-09T14:21:35.23Z
2016-10-09T14:20:03,google,2,2016-10-09T14:29:23.265267Z,3,2016-10-09T14:21:35.822Z
2016-10-09T14:20:04,amazon,2,2016-10-09T14:29:22.4839619Z,1,2016-10-09T14:21:36.511Z
2016-10-09T14:20:04,amazon,2,2016-10-09T14:29:22.4839619Z,1,2016-10-09T14:21:37.138Z
2016-10-09T14:20:04,Unknown,2,2016-10-09T14:29:22.3589542Z,0,2016-10-09T14:21:37.813Z
2016-10-09T14:20:04,Skype,2,2016-10-09T14:29:23.093372Z,2,2016-10-09T14:21:38.469Z
2016-10-09T14:20:04,Unknown,2,2016-10-09T14:29:22.3589542Z,0,2016-10-09T14:21:39.068Z
2016-10-09T14:20:04,Microsoft,2,2016-10-09T14:29:22.3589542Z,0,2016-10-09T14:21:39.693Z
2016-10-09T14:20:04,Unknown,2,2016-10-09T14:29:22.3589542Z,0,2016-10-09T14:21:40.351Z
2016-10-09T14:20:04,amazon,2,2016-10-09T14:29:22.4839619Z,1,2016-10-09T14:21:40.94Z
2016-10-09T14:20:04,cloud,2,2016-10-09T14:29:22.3589542Z,0,2016-10-09T14:21:41.601Z
2016-10-09T14:20:04,Unknown,2,2016-10-09T14:29:22.3589542Z,0,2016-10-09T14:21:42.243Z
2016-10-09T14:20:04,Unknown,2,2016-10-09T14:29:22.3589542Z,0,2016-10-09T14:21:42.868Z
2016-10-09T14:20:04,amazon,2,2016-10-09T14:29:22.4839619Z,1,2016-10-09T14:21:43.473Z
2016-10-09T14:20:04,Unknown,2,2016-10-09T14:29:22.3589542Z,0,2016-10-09T14:21:44.149Z
2016-10-09T14:20:04,Skype,2,2016-10-09T14:29:23.093372Z,2,2016-10-09T14:21:44.8Z
2016-10-09T14:20:04,google,2,2016-10-09T14:29:23.280882Z,3,2016-10-09T14:21:45.343Z
2016-10-09T14:20:04,amazon,2,2016-10-09T14:29:22.4839619Z,1,2016-10-09T14:21:46.011Z
2016-10-09T14:20:04,amazon,2,2016-10-09T14:29:22.4839619Z,1,2016-10-09T14:21:46.667Z
2016-10-09T14:20:04,Unknown,4,2016-10-09T14:29:22.3589542Z,0,2016-10-09T14:21:47.325Z
2016-10-09T14:20:04,Unknown,2,2016-10-09T14:29:22.3589542Z,0,2016-10-09T14:21:47.95Z
2016-10-09T14:20:04,Skype,2,2016-10-09T14:29:23.108999Z,2,2016-10-09T14:21:48.604Z
2016-10-09T14:20:04,Skype,2,2016-10-09T14:29:23.108999Z,2,2016-10-09T14:21:49.217Z
2016-10-09T14:20:05,Unknown,2,2016-10-09T14:29:22.3589542Z,0,2016-10-09T14:21:49.858Z
2016-10-09T14:20:05,Unknown,2,2016-10-09T14:29:22.3589542Z,0,2016-10-09T14:21:50.484Z
2016-10-09T14:20:05,Unknown,2,2016-10-09T14:29:22.3589542Z,0,2016-10-09T14:21:51.11Z
2016-10-09T14:20:05,Skype,4,2016-10-09T14:29:23.108999Z,2,2016-10-09T14:21:51.754Z
2016-10-09T14:20:05,amazon,2,2016-10-09T14:29:22.4839619Z,1,2016-10-09T14:21:52.347Z
2016-10-09T14:20:05,amazon,2,2016-10-09T14:29:22.4839619Z,1,2016-10-09T14:21:52.975Z
2016-10-09T14:20:04,google,2,2016-10-09T14:29:23.280882Z,3,2016-10-09T14:21:53.565Z
2016-10-09T14:20:05,Unknown,2,2016-10-09T14:29:22.3589542Z,0,2016-10-09T14:21:54.256Z
2016-10-09T14:20:05,google,2,2016-10-09T14:29:23.280882Z,3,2016-10-09T14:21:54.831Z
2016-10-09T14:20:05,Unknown,2,2016-10-09T14:29:22.3589542Z,0,2016-10-09T14:21:55.525Z
2016-10-09T14:20:05,Skype,2,2016-10-09T14:29:23.108999Z,2,2016-10-09T14:21:56.164Z
2016-10-09T14:20:05,amazon,2,2016-10-09T14:29:22.4839619Z,1,2016-10-09T14:21:56.761Z
2016-10-09T14:21:58,Microsoft,2,2016-10-09T14:29:22.3589542Z,0,2016-10-09T14:21:58.891Z
2016-10-09T14:21:58,amazon,2,2016-10-09T14:29:22.4839619Z,1,2016-10-09T14:21:59.5Z
2016-10-09T14:21:58,XBox,2,2016-10-09T14:29:22.4839619Z,1,2016-10-09T14:22:00.141Z
2016-10-09T14:21:58,Unknown,2,2016-10-09T14:29:22.3589542Z,0,2016-10-09T14:22:00.891Z
2016-10-09T14:21:58,google,2,2016-10-09T14:29:23.280882Z,3,2016-10-09T14:22:01.511Z
2016-10-09T14:21:58,amazon,2,2016-10-09T14:29:22.4839619Z,1,2016-10-09T14:22:02.191Z
2016-10-09T14:21:58,bigdata,2,2016-10-09T14:29:22.5015449Z,1,2016-10-09T14:22:02.832Z
2016-10-09T14:21:58,Unknown,2,2016-10-09T14:29:22.3589542Z,0,2016-10-09T14:22:03.509Z
2016-10-09T14:21:58,google,2,2016-10-09T14:29:23.280882Z,3,2016-10-09T14:22:04.111Z
2016-10-09T14:21:58,Skype,2,2016-10-09T14:29:23.108999Z,2,2016-10-09T14:22:04.818Z
2016-10-09T14:21:58,Unknown,2,2016-10-09T14:29:22.3589542Z,0,2016-10-09T14:22:05.431Z
2016-10-09T14:21:59,amazon,2,2016-10-09T14:29:22.5015449Z,1,2016-10-09T14:22:06.046Z
2016-10-09T14:21:59,Unknown,2,2016-10-09T14:29:22.3589542Z,0,2016-10-09T14:22:06.714Z
2016-10-09T14:21:59,XBox,2,2016-10-09T14:29:22.5015449Z,1,2016-10-09T14:22:07.3Z
2016-10-09T14:21:58,Unknown,2,2016-10-09T14:29:22.3745806Z,0,2016-10-09T14:22:08.012Z
2016-10-09T14:21:59,bigdata,4,2016-10-09T14:29:22.5015449Z,1,2016-10-09T14:22:08.629Z
2016-10-09T14:21:59,amazon,2,2016-10-09T14:29:22.5015449Z,1,2016-10-09T14:22:09.272Z
2016-10-09T14:21:59,Unknown,4,2016-10-09T14:29:22.3745806Z,0,2016-10-09T14:22:09.935Z
2016-10-09T14:21:59,Skype,2,2016-10-09T14:29:23.108999Z,2,2016-10-09T14:22:10.588Z
2016-10-09T14:21:59,amazon,2,2016-10-09T14:29:22.5015449Z,1,2016-10-09T14:22:11.179Z
2016-10-09T14:21:59,XBox,2,2016-10-09T14:29:22.5015449Z,1,2016-10-09T14:22:11.807Z
2016-10-09T14:21:59,Unknown,2,2016-10-09T14:29:22.3745806Z,0,2016-10-09T14:22:12.468Z
2016-10-09T14:21:59,amazon,2,2016-10-09T14:29:22.5015449Z,1,2016-10-09T14:22:13.075Z
2016-10-09T14:21:59,Unknown,2,2016-10-09T14:29:22.3745806Z,0,2016-10-09T14:22:13.749Z
2016-10-09T14:21:59,Unknown,2,2016-10-09T14:29:22.3745806Z,0,2016-10-09T14:22:14.376Z
2016-10-09T14:21:59,Unknown,2,2016-10-09T14:29:22.3745806Z,0,2016-10-09T14:22:15.079Z
2016-10-09T14:21:59,google,2,2016-10-09T14:29:23.280882Z,3,2016-10-09T14:22:15.639Z
2016-10-09T14:21:59,Unknown,2,2016-10-09T14:29:22.3745806Z,0,2016-10-09T14:22:16.348Z
2016-10-09T14:22:00,amazon,2,2016-10-09T14:29:22.5015449Z,1,2016-10-09T14:22:16.942Z
2016-10-09T14:22:00,XBox,2,2016-10-09T14:29:22.5015449Z,1,2016-10-09T14:22:17.599Z
2016-10-09T14:22:00,Unknown,2,2016-10-09T14:29:22.3745806Z,0,2016-10-09T14:22:18.319Z
2016-10-09T14:22:00,Unknown,2,2016-10-09T14:29:22.3745806Z,0,2016-10-09T14:22:18.944Z
2016-10-09T14:22:00,amazon,2,2016-10-09T14:29:22.5015449Z,1,2016-10-09T14:22:19.662Z
2016-10-09T14:22:00,Unknown,2,2016-10-09T14:29:22.3745806Z,0,2016-10-09T14:22:20.384Z
2016-10-09T14:22:00,Microsoft,2,2016-10-09T14:29:22.3745806Z,0,2016-10-09T14:22:21.043Z
2016-10-09T14:22:00,google,2,2016-10-09T14:29:23.280882Z,3,2016-10-09T14:22:21.615Z
2016-10-09T14:22:00,amazon,2,2016-10-09T14:29:22.5015449Z,1,2016-10-09T14:22:22.276Z
2016-10-09T14:22:00,Skype,2,2016-10-09T14:29:23.108999Z,2,2016-10-09T14:22:22.962Z
2016-10-09T14:22:00,amazon,2,2016-10-09T14:29:22.5015449Z,1,2016-10-09T14:22:23.699Z
2016-10-09T14:22:01,amazon,2,2016-10-09T14:29:22.5015449Z,1,2016-10-09T14:22:24.356Z
2016-10-09T14:22:01,Microsoft,4,2016-10-09T14:29:22.3745806Z,0,2016-10-09T14:22:27.874Z
2016-10-09T14:22:01,XBox,4,2016-10-09T14:29:22.5015449Z,1,2016-10-09T14:22:28.876Z
2016-10-09T14:22:01,Microsoft,2,2016-10-09T14:29:22.3745806Z,0,2016-10-09T14:22:29.546Z
2016-10-09T14:22:01,XBox,2,2016-10-09T14:29:22.5015449Z,1,2016-10-09T14:22:30.205Z
2016-10-09T14:22:01,amazon,2,2016-10-09T14:29:22.5015449Z,1,2016-10-09T14:22:30.862Z
2016-10-09T14:22:01,Unknown,4,2016-10-09T14:29:22.3745806Z,0,2016-10-09T14:22:31.515Z
2016-10-09T14:22:01,google,2,2016-10-09T14:29:23.280882Z,3,2016-10-09T14:22:32.072Z
2016-10-09T14:22:01,google,2,2016-10-09T14:29:23.280882Z,3,2016-10-09T14:22:32.712Z
2016-10-09T14:22:01,XBox,2,2016-10-09T14:29:22.5015449Z,1,2016-10-09T14:22:33.378Z
2016-10-09T14:22:01,bigdata,4,2016-10-09T14:29:22.5015449Z,1,2016-10-09T14:22:34.018Z
2016-10-09T14:22:01,bigdata,2,2016-10-09T14:29:22.5015449Z,1,2016-10-09T14:22:34.659Z
2016-10-09T14:22:01,amazon,2,2016-10-09T14:29:22.5015449Z,1,2016-10-09T14:22:35.284Z
2016-10-09T14:22:01,Skype,4,2016-10-09T14:29:23.108999Z,2,2016-10-09T14:22:36.017Z
2016-10-09T14:22:02,Unknown,2,2016-10-09T14:29:22.3745806Z,0,2016-10-09T14:22:36.617Z
2016-10-09T14:22:02,amazon,2,2016-10-09T14:29:22.5015449Z,1,2016-10-09T14:22:37.208Z
2016-10-09T14:22:02,amazon,2,2016-10-09T14:29:22.5015449Z,1,2016-10-09T14:22:37.835Z
2016-10-09T14:22:02,Unknown,2,2016-10-09T14:29:22.3745806Z,0,2016-10-09T14:22:38.509Z
2016-10-09T14:22:02,amazon,4,2016-10-09T14:29:22.5015449Z,1,2016-10-09T14:22:39.103Z
2016-10-09T14:22:02,Unknown,2,2016-10-09T14:29:22.3745806Z,0,2016-10-09T14:22:39.775Z
2016-10-09T14:22:02,Unknown,2,2016-10-09T14:29:22.3745806Z,0,2016-10-09T14:22:40.416Z
2016-10-09T14:22:02,Unknown,4,2016-10-09T14:29:22.3745806Z,0,2016-10-09T14:22:41.043Z
2016-10-09T14:22:02,google,2,2016-10-09T14:29:23.280882Z,3,2016-10-09T14:22:41.614Z
2016-10-09T14:22:02,amazon,2,2016-10-09T14:29:22.5015449Z,1,2016-10-09T14:22:42.285Z
2016-10-09T14:22:02,Skype,0,2016-10-09T14:29:23.108999Z,2,2016-10-09T14:22:42.978Z
2016-10-09T14:22:02,bigdata,2,2016-10-09T14:29:22.5015449Z,1,2016-10-09T14:22:43.567Z
2016-10-09T14:22:02,Unknown,2,2016-10-09T14:29:22.3745806Z,0,2016-10-09T14:22:44.226Z
2016-10-09T14:22:03,Unknown,4,2016-10-09T14:29:22.3745806Z,0,2016-10-09T14:22:44.853Z
2016-10-09T14:22:02,Unknown,2,2016-10-09T14:29:22.3745806Z,0,2016-10-09T14:22:45.494Z
2016-10-09T14:22:03,Unknown,2,2016-10-09T14:29:22.3745806Z,0,2016-10-09T14:22:46.134Z
2016-10-09T14:22:03,google,2,2016-10-09T14:29:23.280882Z,3,2016-10-09T14:22:46.704Z
2016-10-09T14:22:03,Unknown,2,2016-10-09T14:29:22.3745806Z,0,2016-10-09T14:22:47.392Z
2016-10-09T14:22:03,Unknown,2,2016-10-09T14:29:22.3745806Z,0,2016-10-09T14:22:48.033Z
2016-10-09T14:22:03,google,2,2016-10-09T14:29:23.280882Z,3,2016-10-09T14:22:48.6Z
2016-10-09T14:22:03,XBox,2,2016-10-09T14:29:22.5015449Z,1,2016-10-09T14:22:49.266Z
2016-10-09T14:22:03,amazon,2,2016-10-09T14:29:22.5015449Z,1,2016-10-09T14:22:49.928Z
2016-10-09T14:22:03,XBox,2,2016-10-09T14:29:22.5015449Z,1,2016-10-09T14:22:50.556Z
2016-10-09T14:22:03,Unknown,4,2016-10-09T14:29:22.3745806Z,0,2016-10-09T14:22:51.222Z
2016-10-09T14:22:03,amazon,2,2016-10-09T14:29:22.5015449Z,1,2016-10-09T14:22:51.824Z
2016-10-09T14:22:03,Unknown,4,2016-10-09T14:29:22.3745806Z,0,2016-10-09T14:22:52.475Z
2016-10-09T14:22:03,Unknown,2,2016-10-09T14:29:22.3745806Z,0,2016-10-09T14:22:53.101Z
2016-10-09T14:22:03,bigdata,2,2016-10-09T14:29:22.5015449Z,1,2016-10-09T14:22:53.779Z
2016-10-09T14:22:03,Unknown,2,2016-10-09T14:29:22.3745806Z,0,2016-10-09T14:22:54.43Z
2016-10-09T14:22:03,Unknown,2,2016-10-09T14:29:22.3745806Z,0,2016-10-09T14:22:55.071Z
2016-10-09T14:22:03,amazon,2,2016-10-09T14:29:22.5152134Z,1,2016-10-09T14:22:55.687Z
2016-10-09T14:22:03,amazon,2,2016-10-09T14:29:22.5152134Z,1,2016-10-09T14:22:56.312Z
2016-10-09T14:22:03,Skype,2,2016-10-09T14:29:23.108999Z,2,2016-10-09T14:22:56.979Z
2016-10-09T14:22:04,amazon,2,2016-10-09T14:29:22.5152134Z,1,2016-10-09T14:22:57.562Z
2016-10-09T14:22:04,XBox,2,2016-10-09T14:29:22.5152134Z,1,2016-10-09T14:22:58.205Z
2016-10-09T14:22:04,Unknown,2,2016-10-09T14:29:22.3745806Z,0,2016-10-09T14:22:58.946Z
2016-10-09T14:22:04,Unknown,2,2016-10-09T14:29:22.3745806Z,0,2016-10-09T14:22:59.587Z
2016-10-09T14:22:04,Unknown,2,2016-10-09T14:29:22.3745806Z,0,2016-10-09T14:23:00.212Z
2016-10-09T14:22:04,amazon,2,2016-10-09T14:29:22.5152134Z,1,2016-10-09T14:23:00.823Z
2016-10-09T14:22:04,amazon,2,2016-10-09T14:29:22.5152134Z,1,2016-10-09T14:23:01.45Z
2016-10-09T14:22:04,Unknown,2,2016-10-09T14:29:22.3745806Z,0,2016-10-09T14:23:02.15Z
2016-10-09T14:22:04,google,2,2016-10-09T14:29:23.280882Z,3,2016-10-09T14:23:02.706Z
2016-10-09T14:22:05,cloud,2,2016-10-09T14:29:22.3745806Z,0,2016-10-09T14:23:03.452Z
2016-10-09T14:22:05,google,2,2016-10-09T14:29:23.280882Z,3,2016-10-09T14:23:04.034Z
2016-10-09T14:22:05,Unknown,2,2016-10-09T14:29:22.3745806Z,0,2016-10-09T14:23:04.734Z
2016-10-09T14:22:05,Unknown,2,2016-10-09T14:29:22.3745806Z,0,2016-10-09T14:23:05.437Z
2016-10-09T14:22:05,Unknown,4,2016-10-09T14:29:22.3745806Z,0,2016-10-09T14:23:06.062Z
2016-10-09T14:22:05,Unknown,2,2016-10-09T14:29:22.3745806Z,0,2016-10-09T14:23:06.688Z
2016-10-09T14:22:05,XBox,2,2016-10-09T14:29:22.5152134Z,1,2016-10-09T14:23:07.301Z
2016-10-09T14:22:05,google,2,2016-10-09T14:29:23.280882Z,3,2016-10-09T14:23:07.918Z
2016-10-09T14:22:05,amazon,4,2016-10-09T14:29:22.5152134Z,1,2016-10-09T14:23:08.584Z
2016-10-09T14:22:05,amazon,2,2016-10-09T14:29:22.5152134Z,1,2016-10-09T14:23:09.225Z
2016-10-09T14:22:05,Unknown,2,2016-10-09T14:29:22.3745806Z,0,2016-10-09T14:23:09.883Z
2016-10-09T14:22:05,amazon,2,2016-10-09T14:29:22.5152134Z,1,2016-10-09T14:23:10.478Z
2016-10-09T14:22:05,amazon,2,2016-10-09T14:29:22.5152134Z,1,2016-10-09T14:23:11.151Z
2016-10-09T14:22:06,bigdata,2,2016-10-09T14:29:22.5152134Z,1,2016-10-09T14:23:11.795Z
2016-10-09T14:22:06,Microsoft,2,2016-10-09T14:29:22.3745806Z,0,2016-10-09T14:23:12.43Z
2016-10-09T14:22:06,Unknown,2,2016-10-09T14:29:22.3745806Z,0,2016-10-09T14:23:13.102Z
2016-10-09T14:22:06,google,2,2016-10-09T14:29:23.280882Z,3,2016-10-09T14:23:13.675Z
2016-10-09T14:22:06,amazon,2,2016-10-09T14:29:22.5152134Z,1,2016-10-09T14:23:14.344Z
2016-10-09T14:22:06,Skype,2,2016-10-09T14:29:23.108999Z,2,2016-10-09T14:23:15.018Z
2016-10-09T14:22:06,Unknown,2,2016-10-09T14:29:22.3745806Z,0,2016-10-09T14:23:15.621Z
2016-10-09T14:22:06,XBox,2,2016-10-09T14:29:22.5152134Z,1,2016-10-09T14:23:16.223Z
2016-10-09T14:22:06,google,2,2016-10-09T14:29:23.280882Z,3,2016-10-09T14:23:16.816Z
2016-10-09T14:22:07,Unknown,2,2016-10-09T14:29:22.3745806Z,0,2016-10-09T14:23:17.511Z
2016-10-09T14:22:07,google,2,2016-10-09T14:29:23.280882Z,3,2016-10-09T14:23:18.085Z
2016-10-09T14:22:07,Unknown,2,2016-10-09T14:29:22.3745806Z,0,2016-10-09T14:23:18.793Z
2016-10-09T14:22:07,Unknown,2,2016-10-09T14:29:22.3902066Z,0,2016-10-09T14:23:19.418Z
2016-10-09T14:22:07,google,2,2016-10-09T14:29:23.280882Z,3,2016-10-09T14:23:20.025Z
2016-10-09T14:22:07,amazon,2,2016-10-09T14:29:22.5152134Z,1,2016-10-09T14:23:20.741Z
2016-10-09T14:22:07,amazon,2,2016-10-09T14:29:22.5152134Z,1,2016-10-09T14:23:21.428Z
2016-10-09T14:22:07,bigdata,2,2016-10-09T14:29:22.5152134Z,1,2016-10-09T14:23:22.072Z
2016-10-09T14:22:07,Unknown,2,2016-10-09T14:29:22.3902066Z,0,2016-10-09T14:23:22.733Z
2016-10-09T14:22:07,google,2,2016-10-09T14:29:23.280882Z,3,2016-10-09T14:23:23.294Z
2016-10-09T14:22:08,Unknown,2,2016-10-09T14:29:22.3902066Z,0,2016-10-09T14:23:23.985Z
2016-10-09T14:22:08,Unknown,2,2016-10-09T14:29:22.3902066Z,0,2016-10-09T14:23:24.645Z
2016-10-09T14:22:08,Unknown,2,2016-10-09T14:29:22.3902066Z,0,2016-10-09T14:23:25.272Z
2016-10-09T14:22:08,google,2,2016-10-09T14:29:23.280882Z,3,2016-10-09T14:23:25.844Z
2016-10-09T14:22:08,cloud,2,2016-10-09T14:29:22.3902066Z,0,2016-10-09T14:23:26.538Z
2016-10-09T14:22:08,bigdata,2,2016-10-09T14:29:22.5152134Z,1,2016-10-09T14:23:27.148Z
2016-10-09T14:22:08,google,2,2016-10-09T14:29:23.280882Z,3,2016-10-09T14:23:27.735Z
2016-10-09T14:22:08,google,2,2016-10-09T14:29:23.280882Z,3,2016-10-09T14:23:28.36Z
2016-10-09T14:22:08,Unknown,2,2016-10-09T14:29:22.3902066Z,0,2016-10-09T14:23:29.072Z
2016-10-09T14:22:08,amazon,2,2016-10-09T14:29:22.5152134Z,1,2016-10-09T14:23:29.681Z
2016-10-09T14:22:08,Unknown,2,2016-10-09T14:29:22.3902066Z,0,2016-10-09T14:23:30.337Z
2016-10-09T14:22:08,google,2,2016-10-09T14:29:23.280882Z,3,2016-10-09T14:23:30.896Z
2016-10-09T14:22:09,google,2,2016-10-09T14:29:23.280882Z,3,2016-10-09T14:23:31.538Z
2016-10-09T14:22:09,XBox,2,2016-10-09T14:29:22.5152134Z,1,2016-10-09T14:23:32.199Z
2016-10-09T14:22:09,google,2,2016-10-09T14:29:23.280882Z,3,2016-10-09T14:23:32.808Z
2016-10-09T14:22:09,google,2,2016-10-09T14:29:23.280882Z,3,2016-10-09T14:23:33.433Z
2016-10-09T14:22:09,amazon,4,2016-10-09T14:29:22.5152134Z,1,2016-10-09T14:23:34.107Z
2016-10-09T14:22:08,amazon,2,2016-10-09T14:29:22.5152134Z,1,2016-10-09T14:23:34.732Z
2016-10-09T14:22:09,google,2,2016-10-09T14:29:23.280882Z,3,2016-10-09T14:23:35.324Z
2016-10-09T14:22:09,google,2,2016-10-09T14:29:23.280882Z,3,2016-10-09T14:23:35.966Z
2016-10-09T14:22:09,amazon,2,2016-10-09T14:29:22.5349394Z,1,2016-10-09T14:23:36.654Z
2016-10-09T14:22:09,Microsoft,2,2016-10-09T14:29:22.3902066Z,0,2016-10-09T14:23:37.31Z
2016-10-09T14:22:09,google,2,2016-10-09T14:29:23.280882Z,3,2016-10-09T14:23:37.876Z
2016-10-09T14:22:09,Unknown,2,2016-10-09T14:29:22.3902066Z,0,2016-10-09T14:23:38.576Z
2016-10-09T14:22:10,Unknown,2,2016-10-09T14:29:22.3902066Z,0,2016-10-09T14:23:39.219Z
2016-10-09T14:23:40,Unknown,4,2016-10-09T14:29:22.3902066Z,0,2016-10-09T14:23:41.079Z
2016-10-09T14:23:40,google,2,2016-10-09T14:29:23.280882Z,3,2016-10-09T14:23:41.627Z
2016-10-09T14:23:40,Unknown,2,2016-10-09T14:29:22.3902066Z,0,2016-10-09T14:23:42.344Z
2016-10-09T14:23:40,Microsoft,4,2016-10-09T14:29:22.4058317Z,0,2016-10-09T14:23:43.064Z
2016-10-09T14:23:40,Unknown,2,2016-10-09T14:29:22.4058317Z,0,2016-10-09T14:23:43.688Z
2016-10-09T14:23:41,amazon,2,2016-10-09T14:29:22.5349394Z,1,2016-10-09T14:23:44.291Z
2016-10-09T14:23:40,amazon,2,2016-10-09T14:29:22.5349394Z,1,2016-10-09T14:23:44.916Z
2016-10-09T14:23:41,google,2,2016-10-09T14:29:23.280882Z,3,2016-10-09T14:23:45.523Z
2016-10-09T14:23:41,Unknown,2,2016-10-09T14:29:22.4058317Z,0,2016-10-09T14:23:46.236Z
2016-10-09T14:23:41,Unknown,2,2016-10-09T14:29:22.4058317Z,0,2016-10-09T14:23:46.877Z
2016-10-09T14:23:41,bigdata,2,2016-10-09T14:29:22.5349394Z,1,2016-10-09T14:23:47.466Z
2016-10-09T14:23:41,amazon,2,2016-10-09T14:29:22.5349394Z,1,2016-10-09T14:23:48.091Z
2016-10-09T14:23:41,amazon,2,2016-10-09T14:29:22.5349394Z,1,2016-10-09T14:23:48.731Z
2016-10-09T14:23:41,google,2,2016-10-09T14:29:23.280882Z,3,2016-10-09T14:23:49.351Z
2016-10-09T14:23:40,hacking,2,2016-10-09T14:29:22.5349394Z,1,2016-10-09T14:23:50.034Z
2016-10-09T14:23:41,google,2,2016-10-09T14:29:23.280882Z,3,2016-10-09T14:23:50.648Z
2016-10-09T14:23:41,Unknown,2,2016-10-09T14:29:22.4058317Z,0,2016-10-09T14:23:51.353Z
2016-10-09T14:23:41,cloud,4,2016-10-09T14:29:22.4058317Z,0,2016-10-09T14:23:51.978Z
2016-10-09T14:23:41,Unknown,2,2016-10-09T14:29:22.4058317Z,0,2016-10-09T14:23:52.65Z
2016-10-09T14:23:42,Unknown,2,2016-10-09T14:29:22.4058317Z,0,2016-10-09T14:23:53.291Z
2016-10-09T14:23:41,bigdata,4,2016-10-09T14:29:22.5349394Z,1,2016-10-09T14:23:53.879Z
2016-10-09T14:23:42,programming,2,2016-10-09T14:29:23.108999Z,2,2016-10-09T14:23:54.561Z
2016-10-09T14:23:42,Skype,2,2016-10-09T14:29:23.108999Z,2,2016-10-09T14:23:55.202Z
2016-10-09T14:23:42,google,2,2016-10-09T14:29:23.280882Z,3,2016-10-09T14:23:55.76Z
2016-10-09T14:23:42,amazon,2,2016-10-09T14:29:22.5349394Z,1,2016-10-09T14:23:56.443Z
2016-10-09T14:23:42,Unknown,2,2016-10-09T14:29:22.4058317Z,0,2016-10-09T14:23:57.205Z
2016-10-09T14:23:42,cloud,4,2016-10-09T14:29:22.4058317Z,0,2016-10-09T14:23:57.935Z
2016-10-09T14:23:42,cloud,2,2016-10-09T14:29:22.4058317Z,0,2016-10-09T14:23:58.56Z
2016-10-09T14:23:42,XBox,2,2016-10-09T14:29:22.5349394Z,1,2016-10-09T14:23:59.162Z
2016-10-09T14:23:42,Skype,2,2016-10-09T14:29:23.108999Z,2,2016-10-09T14:23:59.849Z
2016-10-09T14:23:42,amazon,2,2016-10-09T14:29:22.5349394Z,1,2016-10-09T14:24:00.428Z
2016-10-09T14:23:42,bigdata,2,2016-10-09T14:29:22.5349394Z,1,2016-10-09T14:24:01.053Z
2016-10-09T14:23:43,Unknown,4,2016-10-09T14:29:22.4058317Z,0,2016-10-09T14:24:01.719Z
2016-10-09T14:23:43,amazon,2,2016-10-09T14:29:22.5349394Z,1,2016-10-09T14:24:02.336Z
2016-10-09T14:23:43,Skype,2,2016-10-09T14:29:23.108999Z,2,2016-10-09T14:24:03.009Z
2016-10-09T14:23:43,Skype,2,2016-10-09T14:29:23.108999Z,2,2016-10-09T14:24:03.65Z
2016-10-09T14:23:42,google,2,2016-10-09T14:29:23.280882Z,3,2016-10-09T14:24:04.195Z
2016-10-09T14:23:43,amazon,2,2016-10-09T14:29:22.5349394Z,1,2016-10-09T14:24:04.843Z
2016-10-09T14:23:43,Unknown,2,2016-10-09T14:29:22.4058317Z,0,2016-10-09T14:24:05.506Z
2016-10-09T14:23:43,google,2,2016-10-09T14:29:23.280882Z,3,2016-10-09T14:24:06.061Z
2016-10-09T14:23:43,google,2,2016-10-09T14:29:23.280882Z,3,2016-10-09T14:24:06.687Z
2016-10-09T14:23:43,XBox,2,2016-10-09T14:29:22.5349394Z,1,2016-10-09T14:24:07.363Z
2016-10-09T14:23:43,Unknown,2,2016-10-09T14:29:22.4058317Z,0,2016-10-09T14:24:08.026Z
2016-10-09T14:23:43,Microsoft,2,2016-10-09T14:29:22.4058317Z,0,2016-10-09T14:24:08.653Z
2016-10-09T14:23:43,XBox,4,2016-10-09T14:29:22.5349394Z,1,2016-10-09T14:24:09.26Z
2016-10-09T14:23:43,Skype,2,2016-10-09T14:29:23.1246231Z,2,2016-10-09T14:24:09.925Z
2016-10-09T14:23:43,amazon,2,2016-10-09T14:29:22.5349394Z,1,2016-10-09T14:24:10.518Z
2016-10-09T14:23:44,amazon,2,2016-10-09T14:29:22.5349394Z,1,2016-10-09T14:24:11.159Z
2016-10-09T14:23:44,google,2,2016-10-09T14:29:23.2965279Z,3,2016-10-09T14:24:11.767Z
2016-10-09T14:23:44,Unknown,4,2016-10-09T14:29:22.4058317Z,0,2016-10-09T14:24:12.489Z
2016-10-09T14:23:44,bigdata,2,2016-10-09T14:29:22.5349394Z,1,2016-10-09T14:24:13.081Z
2016-10-09T14:23:44,amazon,2,2016-10-09T14:29:22.5349394Z,1,2016-10-09T14:24:13.706Z
2016-10-09T14:23:44,google,2,2016-10-09T14:29:23.2965279Z,3,2016-10-09T14:24:14.318Z
2016-10-09T14:23:44,google,2,2016-10-09T14:29:23.2965279Z,3,2016-10-09T14:24:14.959Z
2016-10-09T14:23:44,Microsoft,2,2016-10-09T14:29:22.4058317Z,0,2016-10-09T14:24:15.667Z
2016-10-09T14:23:44,XBox,2,2016-10-09T14:29:22.5349394Z,1,2016-10-09T14:24:16.277Z
2016-10-09T14:23:44,Unknown,2,2016-10-09T14:29:22.4058317Z,0,2016-10-09T14:24:17.118Z
2016-10-09T14:23:44,Unknown,2,2016-10-09T14:29:22.4058317Z,0,2016-10-09T14:24:17.79Z
2016-10-09T14:23:45,amazon,2,2016-10-09T14:29:22.5349394Z,1,2016-10-09T14:24:18.436Z
2016-10-09T14:23:45,bigdata,2,2016-10-09T14:29:22.5464647Z,1,2016-10-09T14:24:19.077Z
2016-10-09T14:23:45,Unknown,2,2016-10-09T14:29:22.4058317Z,0,2016-10-09T14:24:19.73Z
2016-10-09T14:23:45,Unknown,4,2016-10-09T14:29:22.4058317Z,0,2016-10-09T14:24:20.386Z
2016-10-09T14:23:45,amazon,2,2016-10-09T14:29:22.5464647Z,1,2016-10-09T14:24:21.032Z
2016-10-09T14:23:45,Unknown,2,2016-10-09T14:29:22.4058317Z,0,2016-10-09T14:24:21.702Z
2016-10-09T14:23:45,cloud,2,2016-10-09T14:29:22.4058317Z,0,2016-10-09T14:24:22.327Z
2016-10-09T14:23:45,Unknown,2,2016-10-09T14:29:22.4058317Z,0,2016-10-09T14:24:23.03Z
2016-10-09T14:23:45,google,2,2016-10-09T14:29:23.2965279Z,3,2016-10-09T14:24:23.737Z
2016-10-09T14:23:45,Unknown,2,2016-10-09T14:29:22.4058317Z,0,2016-10-09T14:24:24.693Z
2016-10-09T14:23:45,bigdata,2,2016-10-09T14:29:22.5464647Z,1,2016-10-09T14:24:25.301Z
2016-10-09T14:23:45,XBox,2,2016-10-09T14:29:22.5464647Z,1,2016-10-09T14:24:25.958Z
2016-10-09T14:23:45,Unknown,2,2016-10-09T14:29:22.4058317Z,0,2016-10-09T14:24:26.605Z
2016-10-09T14:23:45,amazon,2,2016-10-09T14:29:22.5464647Z,1,2016-10-09T14:24:27.208Z
2016-10-09T14:23:46,google,2,2016-10-09T14:29:23.2965279Z,3,2016-10-09T14:24:27.82Z
2016-10-09T14:23:46,Unknown,2,2016-10-09T14:29:22.4058317Z,0,2016-10-09T14:24:28.513Z
2016-10-09T14:23:46,google,2,2016-10-09T14:29:23.2965279Z,3,2016-10-09T14:24:29.073Z
2016-10-09T14:23:46,Unknown,2,2016-10-09T14:29:22.4058317Z,0,2016-10-09T14:24:29.766Z
2016-10-09T14:23:46,hacking,2,2016-10-09T14:29:22.5464647Z,1,2016-10-09T14:24:30.374Z
2016-10-09T14:23:46,amazon,2,2016-10-09T14:29:22.5464647Z,1,2016-10-09T14:24:31.048Z
2016-10-09T14:23:46,XBox,2,2016-10-09T14:29:22.5464647Z,1,2016-10-09T14:24:31.673Z
2016-10-09T14:23:47,Unknown,2,2016-10-09T14:29:22.4058317Z,0,2016-10-09T14:24:32.333Z
2016-10-09T14:23:47,google,2,2016-10-09T14:29:23.2965279Z,3,2016-10-09T14:24:32.891Z
2016-10-09T14:23:47,amazon,2,2016-10-09T14:29:22.5464647Z,1,2016-10-09T14:24:33.566Z
2016-10-09T14:23:47,amazon,2,2016-10-09T14:29:22.5464647Z,1,2016-10-09T14:24:34.191Z
2016-10-09T14:23:47,XBox,2,2016-10-09T14:29:22.5464647Z,1,2016-10-09T14:24:34.85Z
2016-10-09T14:23:47,google,2,2016-10-09T14:29:23.2965279Z,3,2016-10-09T14:24:35.454Z
2016-10-09T14:23:47,Azure,2,2016-10-09T14:29:22.4058317Z,0,2016-10-09T14:24:36.143Z
2016-10-09T14:23:47,Unknown,2,2016-10-09T14:29:22.4058317Z,0,2016-10-09T14:24:36.768Z
2016-10-09T14:23:48,amazon,2,2016-10-09T14:29:22.5464647Z,1,2016-10-09T14:24:37.373Z
2016-10-09T14:23:48,google,2,2016-10-09T14:29:23.2965279Z,3,2016-10-09T14:24:37.987Z
2016-10-09T14:23:48,amazon,2,2016-10-09T14:29:22.5464647Z,1,2016-10-09T14:24:38.67Z
2016-10-09T14:23:48,google,2,2016-10-09T14:29:23.2965279Z,3,2016-10-09T14:24:39.273Z
2016-10-09T14:23:48,Unknown,2,2016-10-09T14:29:22.4058317Z,0,2016-10-09T14:24:39.992Z
2016-10-09T14:23:48,Unknown,4,2016-10-09T14:29:22.4058317Z,0,2016-10-09T14:24:40.617Z
2016-10-09T14:23:48,google,2,2016-10-09T14:29:23.2965279Z,3,2016-10-09T14:24:41.196Z
2016-10-09T14:23:48,google,2,2016-10-09T14:29:23.2965279Z,3,2016-10-09T14:24:41.838Z
2016-10-09T14:23:48,Microsoft,4,2016-10-09T14:29:22.4058317Z,0,2016-10-09T14:24:42.544Z
2016-10-09T14:23:48,google,4,2016-10-09T14:29:23.2965279Z,3,2016-10-09T14:24:43.104Z
2016-10-09T14:23:48,amazon,2,2016-10-09T14:29:22.5464647Z,1,2016-10-09T14:24:43.764Z
2016-10-09T14:23:48,amazon,2,2016-10-09T14:29:22.5464647Z,1,2016-10-09T14:24:44.439Z
2016-10-09T14:23:48,XBox,2,2016-10-09T14:29:22.5464647Z,1,2016-10-09T14:24:45.08Z
2016-10-09T14:23:48,Unknown,2,2016-10-09T14:29:22.4058317Z,0,2016-10-09T14:24:45.811Z
2016-10-09T14:23:48,google,4,2016-10-09T14:29:23.2965279Z,3,2016-10-09T14:24:46.372Z
2016-10-09T14:23:48,amazon,2,2016-10-09T14:29:22.5464647Z,1,2016-10-09T14:24:47.143Z
2016-10-09T14:23:48,Unknown,2,2016-10-09T14:29:22.4058317Z,0,2016-10-09T14:24:47.811Z
2016-10-09T14:23:48,google,2,2016-10-09T14:29:23.2965279Z,3,2016-10-09T14:24:48.357Z
2016-10-09T14:23:48,google,2,2016-10-09T14:29:23.2965279Z,3,2016-10-09T14:24:48.997Z
2016-10-09T14:23:48,XBox,2,2016-10-09T14:29:22.5464647Z,1,2016-10-09T14:24:49.661Z
2016-10-09T14:23:49,amazon,2,2016-10-09T14:29:22.5464647Z,1,2016-10-09T14:24:50.302Z
2016-10-09T14:23:49,bigdata,2,2016-10-09T14:29:22.5464647Z,1,2016-10-09T14:24:50.93Z
2016-10-09T14:23:49,amazon,2,2016-10-09T14:29:22.5464647Z,1,2016-10-09T14:24:51.547Z
2016-10-09T14:23:49,amazon,2,2016-10-09T14:29:22.5464647Z,1,2016-10-09T14:24:52.187Z
2016-10-09T14:23:49,Microsoft,4,2016-10-09T14:29:22.4058317Z,0,2016-10-09T14:24:52.861Z
2016-10-09T14:23:49,google,2,2016-10-09T14:29:23.2965279Z,3,2016-10-09T14:24:53.428Z
2016-10-09T14:23:49,google,2,2016-10-09T14:29:23.2965279Z,3,2016-10-09T14:24:54.069Z
2016-10-09T14:23:49,Unknown,2,2016-10-09T14:29:22.4058317Z,0,2016-10-09T14:24:54.783Z
2016-10-09T14:23:49,Unknown,2,2016-10-09T14:29:22.4058317Z,0,2016-10-09T14:24:55.393Z
2016-10-09T14:23:49,Skype,2,2016-10-09T14:29:23.1246231Z,2,2016-10-09T14:24:56.048Z
2016-10-09T14:23:49,bigdata,2,2016-10-09T14:29:22.5464647Z,1,2016-10-09T14:24:56.697Z
2016-10-09T14:23:49,Unknown,2,2016-10-09T14:29:22.4058317Z,0,2016-10-09T14:24:57.346Z
2016-10-09T14:23:49,google,2,2016-10-09T14:29:23.2965279Z,3,2016-10-09T14:24:57.916Z
2016-10-09T14:23:50,bigdata,4,2016-10-09T14:29:22.5464647Z,1,2016-10-09T14:24:58.575Z
2016-10-09T14:23:50,Unknown,2,2016-10-09T14:29:22.4058317Z,0,2016-10-09T14:24:59.236Z
2016-10-09T14:23:51,amazon,2,2016-10-09T14:29:22.5464647Z,1,2016-10-09T14:24:59.842Z
2016-10-09T14:23:51,google,4,2016-10-09T14:29:23.3121303Z,3,2016-10-09T14:25:00.437Z
2016-10-09T14:23:51,Unknown,2,2016-10-09T14:29:22.4058317Z,0,2016-10-09T14:25:01.127Z
2016-10-09T14:23:51,Unknown,2,2016-10-09T14:29:22.4058317Z,0,2016-10-09T14:25:01.768Z
2016-10-09T14:23:51,google,2,2016-10-09T14:29:23.3121303Z,3,2016-10-09T14:25:02.344Z
2016-10-09T14:23:51,Unknown,2,2016-10-09T14:29:22.4058317Z,0,2016-10-09T14:25:03.05Z
2016-10-09T14:23:51,Unknown,2,2016-10-09T14:29:22.4058317Z,0,2016-10-09T14:25:03.693Z
2016-10-09T14:23:51,Unknown,2,2016-10-09T14:29:22.4058317Z,0,2016-10-09T14:25:04.311Z
2016-10-09T14:23:51,google,2,2016-10-09T14:29:23.3121303Z,3,2016-10-09T14:25:04.863Z
2016-10-09T14:23:51,Azure,2,2016-10-09T14:29:22.4058317Z,0,2016-10-09T14:25:05.572Z
2016-10-09T14:23:51,XBox,2,2016-10-09T14:29:22.5464647Z,1,2016-10-09T14:25:06.176Z
2016-10-09T14:23:51,Microsoft,4,2016-10-09T14:29:22.4058317Z,0,2016-10-09T14:25:06.854Z
2016-10-09T14:23:51,google,2,2016-10-09T14:29:23.3121303Z,3,2016-10-09T14:25:07.447Z
2016-10-09T14:23:51,amazon,2,2016-10-09T14:29:22.5464647Z,1,2016-10-09T14:25:08.115Z
2016-10-09T14:25:08,XBox,2,2016-10-09T14:29:22.5464647Z,1,2016-10-09T14:25:10.526Z
2016-10-09T14:25:09,Microsoft,2,2016-10-09T14:29:22.4058317Z,0,2016-10-09T14:25:11.219Z
2016-10-09T14:25:09,amazon,2,2016-10-09T14:29:22.5464647Z,1,2016-10-09T14:25:11.824Z
2016-10-09T14:25:09,google,2,2016-10-09T14:29:23.3121303Z,3,2016-10-09T14:25:12.433Z
2016-10-09T14:25:09,amazon,2,2016-10-09T14:29:22.5464647Z,1,2016-10-09T14:25:13.09Z
2016-10-09T14:25:09,Unknown,2,2016-10-09T14:29:22.4214886Z,0,2016-10-09T14:25:13.754Z
2016-10-09T14:25:09,google,4,2016-10-09T14:29:23.3121303Z,3,2016-10-09T14:25:14.324Z
2016-10-09T14:25:09,Skype,2,2016-10-09T14:29:23.1246231Z,2,2016-10-09T14:25:15.037Z
2016-10-09T14:25:09,google,2,2016-10-09T14:29:23.3121303Z,3,2016-10-09T14:25:15.59Z
2016-10-09T14:25:09,google,2,2016-10-09T14:29:23.3121303Z,3,2016-10-09T14:25:16.23Z
2016-10-09T14:25:09,bigdata,2,2016-10-09T14:29:22.5464647Z,1,2016-10-09T14:25:16.944Z
2016-10-09T14:25:09,amazon,2,2016-10-09T14:29:22.5464647Z,1,2016-10-09T14:25:17.572Z
2016-10-09T14:25:09,Unknown,4,2016-10-09T14:29:22.4214886Z,0,2016-10-09T14:25:18.246Z
2016-10-09T14:25:09,google,2,2016-10-09T14:29:23.3121303Z,3,2016-10-09T14:25:18.81Z
2016-10-09T14:25:09,XBox,2,2016-10-09T14:29:22.5464647Z,1,2016-10-09T14:25:19.463Z
2016-10-09T14:25:09,Unknown,2,2016-10-09T14:29:22.4214886Z,0,2016-10-09T14:25:20.136Z
2016-10-09T14:25:10,XBox,2,2016-10-09T14:29:22.5464647Z,1,2016-10-09T14:25:20.728Z
2016-10-09T14:25:10,bigdata,4,2016-10-09T14:29:22.5464647Z,1,2016-10-09T14:25:21.369Z
2016-10-09T14:25:10,Unknown,2,2016-10-09T14:29:22.4214886Z,0,2016-10-09T14:25:22.044Z
2016-10-09T14:25:10,Unknown,4,2016-10-09T14:29:22.4214886Z,0,2016-10-09T14:25:22.688Z
2016-10-09T14:25:10,amazon,2,2016-10-09T14:29:22.5464647Z,1,2016-10-09T14:25:23.297Z
2016-10-09T14:25:10,google,2,2016-10-09T14:29:23.3121303Z,3,2016-10-09T14:25:23.897Z
2016-10-09T14:25:10,Microsoft,4,2016-10-09T14:29:22.4214886Z,0,2016-10-09T14:25:24.672Z
2016-10-09T14:25:10,Skype,2,2016-10-09T14:29:23.1246231Z,2,2016-10-09T14:25:25.304Z
2016-10-09T14:25:10,Unknown,4,2016-10-09T14:29:22.4214886Z,0,2016-10-09T14:25:25.922Z
2016-10-09T14:25:10,XBox,2,2016-10-09T14:29:22.5464647Z,1,2016-10-09T14:25:26.527Z
2016-10-09T14:25:10,bigdata,2,2016-10-09T14:29:22.5464647Z,1,2016-10-09T14:25:27.175Z
2016-10-09T14:25:11,amazon,2,2016-10-09T14:29:22.5464647Z,1,2016-10-09T14:25:27.8Z
2016-10-09T14:25:11,Unknown,2,2016-10-09T14:29:22.4214886Z,0,2016-10-09T14:25:28.735Z
2016-10-09T14:25:11,hacking,2,2016-10-09T14:29:22.5464647Z,1,2016-10-09T14:25:29.336Z
2016-10-09T14:25:11,Unknown,2,2016-10-09T14:29:22.4214886Z,0,2016-10-09T14:25:30.001Z
2016-10-09T14:25:11,Unknown,2,2016-10-09T14:29:22.4214886Z,0,2016-10-09T14:25:30.626Z
2016-10-09T14:25:11,Skype,2,2016-10-09T14:29:23.1246231Z,2,2016-10-09T14:25:31.267Z
2016-10-09T14:25:11,amazon,2,2016-10-09T14:29:22.5464647Z,1,2016-10-09T14:25:31.876Z
2016-10-09T14:25:11,Microsoft,2,2016-10-09T14:29:22.4214886Z,0,2016-10-09T14:25:33.329Z
2016-10-09T14:25:11,amazon,2,2016-10-09T14:29:22.5464647Z,1,2016-10-09T14:25:34.049Z
2016-10-09T14:25:11,google,2,2016-10-09T14:29:23.3121303Z,3,2016-10-09T14:25:34.637Z
2016-10-09T14:25:12,cloud,4,2016-10-09T14:29:22.4214886Z,0,2016-10-09T14:25:35.329Z
2016-10-09T14:25:12,google,2,2016-10-09T14:29:23.3121303Z,3,2016-10-09T14:25:35.92Z
2016-10-09T14:25:12,Unknown,2,2016-10-09T14:29:22.4214886Z,0,2016-10-09T14:25:36.626Z
2016-10-09T14:25:12,amazon,2,2016-10-09T14:29:22.5464647Z,1,2016-10-09T14:25:37.427Z
2016-10-09T14:25:12,bigdata,2,2016-10-09T14:29:22.5464647Z,1,2016-10-09T14:25:38.067Z
2016-10-09T14:25:12,cloud,2,2016-10-09T14:29:22.4214886Z,0,2016-10-09T14:25:38.752Z
2016-10-09T14:25:12,Skype,2,2016-10-09T14:29:23.1246231Z,2,2016-10-09T14:25:39.403Z
2016-10-09T14:25:12,Skype,2,2016-10-09T14:29:23.1246231Z,2,2016-10-09T14:25:40.043Z
2016-10-09T14:25:12,amazon,4,2016-10-09T14:29:22.5464647Z,1,2016-10-09T14:25:40.614Z
2016-10-09T14:25:12,Unknown,2,2016-10-09T14:29:22.4214886Z,0,2016-10-09T14:25:41.283Z
2016-10-09T14:25:12,Microsoft,4,2016-10-09T14:29:22.4214886Z,0,2016-10-09T14:25:41.924Z
2016-10-09T14:25:12,Unknown,2,2016-10-09T14:29:22.4214886Z,0,2016-10-09T14:25:42.564Z
2016-10-09T14:25:12,XBox,2,2016-10-09T14:29:22.5464647Z,1,2016-10-09T14:25:43.194Z
2016-10-09T14:25:12,google,2,2016-10-09T14:29:23.3121303Z,3,2016-10-09T14:25:43.799Z
2016-10-09T14:25:12,amazon,4,2016-10-09T14:29:22.5464647Z,1,2016-10-09T14:25:44.475Z
2016-10-09T14:25:12,Unknown,2,2016-10-09T14:29:22.4214886Z,0,2016-10-09T14:25:45.142Z
2016-10-09T14:25:12,Unknown,2,2016-10-09T14:29:22.4214886Z,0,2016-10-09T14:25:45.799Z
2016-10-09T14:25:12,Unknown,2,2016-10-09T14:29:22.4214886Z,0,2016-10-09T14:25:46.486Z
2016-10-09T14:25:13,google,2,2016-10-09T14:29:23.3121303Z,3,2016-10-09T14:25:47.07Z
2016-10-09T14:25:13,amazon,2,2016-10-09T14:29:22.5464647Z,1,2016-10-09T14:25:47.729Z
2016-10-09T14:25:13,cloud,2,2016-10-09T14:29:22.4214886Z,0,2016-10-09T14:25:48.393Z
2016-10-09T14:25:13,Unknown,2,2016-10-09T14:29:22.4214886Z,0,2016-10-09T14:25:49.018Z
2016-10-09T14:25:13,google,2,2016-10-09T14:29:23.3121303Z,3,2016-10-09T14:25:49.586Z
2016-10-09T14:25:13,Unknown,2,2016-10-09T14:29:22.4214886Z,0,2016-10-09T14:25:50.395Z
2016-10-09T14:25:13,cloud,2,2016-10-09T14:29:22.4214886Z,0,2016-10-09T14:25:51.02Z
2016-10-09T14:25:13,amazon,2,2016-10-09T14:29:22.5464647Z,1,2016-10-09T14:25:51.704Z
2016-10-09T14:25:13,bigdata,4,2016-10-09T14:29:22.5464647Z,1,2016-10-09T14:25:52.345Z
2016-10-09T14:25:13,google,2,2016-10-09T14:29:23.3121303Z,3,2016-10-09T14:25:52.972Z
2016-10-09T14:25:13,amazon,2,2016-10-09T14:29:22.5464647Z,1,2016-10-09T14:25:53.643Z
2016-10-09T14:25:13,google,2,2016-10-09T14:29:23.3121303Z,3,2016-10-09T14:25:54.237Z
2016-10-09T14:25:14,google,2,2016-10-09T14:29:23.3121303Z,3,2016-10-09T14:25:54.878Z
2016-10-09T14:25:13,amazon,2,2016-10-09T14:29:22.5464647Z,1,2016-10-09T14:25:55.549Z
2016-10-09T14:25:13,Unknown,2,2016-10-09T14:29:22.4214886Z,0,2016-10-09T14:25:56.197Z
2016-10-09T14:25:14,bigdata,2,2016-10-09T14:29:22.5464647Z,1,2016-10-09T14:25:56.815Z
2016-10-09T14:25:14,Unknown,2,2016-10-09T14:29:22.4214886Z,0,2016-10-09T14:25:57.54Z
2016-10-09T14:25:14,Unknown,2,2016-10-09T14:29:22.4214886Z,0,2016-10-09T14:25:58.261Z
2016-10-09T14:25:14,amazon,2,2016-10-09T14:29:22.5464647Z,1,2016-10-09T14:25:58.879Z
2016-10-09T14:25:14,Skype,2,2016-10-09T14:29:23.1246231Z,2,2016-10-09T14:25:59.554Z
2016-10-09T14:25:14,bigdata,4,2016-10-09T14:29:22.5464647Z,1,2016-10-09T14:26:00.144Z
2016-10-09T14:25:14,Skype,0,2016-10-09T14:29:23.1246231Z,2,2016-10-09T14:26:00.838Z
2016-10-09T14:25:14,amazon,2,2016-10-09T14:29:22.5464647Z,1,2016-10-09T14:26:01.426Z
2016-10-09T14:25:14,google,2,2016-10-09T14:29:23.3121303Z,3,2016-10-09T14:26:02.034Z
2016-10-09T14:25:14,google,4,2016-10-09T14:29:23.3121303Z,3,2016-10-09T14:26:02.664Z
2016-10-09T14:25:13,google,2,2016-10-09T14:29:23.3121303Z,3,2016-10-09T14:26:03.666Z
2016-10-09T14:25:14,amazon,2,2016-10-09T14:29:22.5464647Z,1,2016-10-09T14:26:04.348Z
2016-10-09T14:25:14,Unknown,2,2016-10-09T14:29:22.4214886Z,0,2016-10-09T14:26:05.027Z
2016-10-09T14:25:14,amazon,2,2016-10-09T14:29:22.5464647Z,1,2016-10-09T14:26:05.646Z
2016-10-09T14:25:14,Skype,2,2016-10-09T14:29:23.1246231Z,2,2016-10-09T14:26:06.31Z
2016-10-09T14:25:15,Unknown,2,2016-10-09T14:29:22.4214886Z,0,2016-10-09T14:26:06.949Z
2016-10-09T14:25:15,Unknown,2,2016-10-09T14:29:22.4214886Z,0,2016-10-09T14:26:07.574Z
2016-10-09T14:25:15,amazon,2,2016-10-09T14:29:22.5464647Z,1,2016-10-09T14:26:08.275Z
2016-10-09T14:25:15,bigdata,2,2016-10-09T14:29:22.5620905Z,1,2016-10-09T14:26:09.027Z
2016-10-09T14:25:15,amazon,2,2016-10-09T14:29:22.5620905Z,1,2016-10-09T14:26:09.652Z
2016-10-09T14:25:15,bigdata,2,2016-10-09T14:29:22.5620905Z,1,2016-10-09T14:26:10.293Z
2016-10-09T14:25:15,amazon,2,2016-10-09T14:29:22.5620905Z,1,2016-10-09T14:26:10.934Z
2016-10-09T14:25:15,Unknown,4,2016-10-09T14:29:22.4214886Z,0,2016-10-09T14:26:11.608Z
2016-10-09T14:25:15,Unknown,2,2016-10-09T14:29:22.4214886Z,0,2016-10-09T14:26:12.22Z
2016-10-09T14:25:15,google,2,2016-10-09T14:29:23.3121303Z,3,2016-10-09T14:26:12.778Z
2016-10-09T14:25:15,google,4,2016-10-09T14:29:23.3121303Z,3,2016-10-09T14:26:13.419Z
2016-10-09T14:25:15,Unknown,2,2016-10-09T14:29:22.4214886Z,0,2016-10-09T14:26:14.095Z
2016-10-09T14:25:15,amazon,2,2016-10-09T14:29:22.5620905Z,1,2016-10-09T14:26:14.716Z
2016-10-09T14:25:15,google,2,2016-10-09T14:29:23.3121303Z,3,2016-10-09T14:26:15.329Z
2016-10-09T14:25:15,google,2,2016-10-09T14:29:23.3121303Z,3,2016-10-09T14:26:15.97Z
2016-10-09T14:25:15,google,2,2016-10-09T14:29:23.3121303Z,3,2016-10-09T14:26:16.61Z
2016-10-09T14:25:15,Unknown,4,2016-10-09T14:29:22.4214886Z,0,2016-10-09T14:26:17.298Z
2016-10-09T14:25:15,Unknown,2,2016-10-09T14:29:22.4214886Z,0,2016-10-09T14:26:17.955Z
2016-10-09T14:25:15,cloud,2,2016-10-09T14:29:22.4214886Z,0,2016-10-09T14:26:18.626Z
2016-10-09T14:25:15,cloud,2,2016-10-09T14:29:22.4214886Z,0,2016-10-09T14:26:19.236Z
2016-10-09T14:25:16,amazon,2,2016-10-09T14:29:22.5620905Z,1,2016-10-09T14:26:19.828Z
2016-10-09T14:25:16,Unknown,2,2016-10-09T14:29:22.4214886Z,0,2016-10-09T14:26:20.488Z
2016-10-09T14:25:16,amazon,2,2016-10-09T14:29:22.5620905Z,1,2016-10-09T14:26:21.097Z
2016-10-09T14:25:15,Unknown,2,2016-10-09T14:29:22.4214886Z,0,2016-10-09T14:26:21.769Z
2016-10-09T14:25:16,google,2,2016-10-09T14:29:23.3121303Z,3,2016-10-09T14:26:22.351Z
2016-10-09T14:25:16,google,2,2016-10-09T14:29:23.3121303Z,3,2016-10-09T14:26:22.976Z
2016-10-09T14:25:16,google,2,2016-10-09T14:29:23.3121303Z,3,2016-10-09T14:26:23.663Z
2016-10-09T14:25:16,Skype,4,2016-10-09T14:29:23.1246231Z,2,2016-10-09T14:26:24.389Z
2016-10-09T14:25:16,hacking,2,2016-10-09T14:29:22.5620905Z,1,2016-10-09T14:26:24.965Z
2016-10-09T14:25:16,Unknown,2,2016-10-09T14:29:22.4214886Z,0,2016-10-09T14:26:25.804Z
2016-10-09T14:25:16,Skype,2,2016-10-09T14:29:23.1246231Z,2,2016-10-09T14:26:26.551Z
2016-10-09T14:25:16,google,2,2016-10-09T14:29:23.3121303Z,3,2016-10-09T14:26:27.103Z
2016-10-09T14:25:16,bigdata,4,2016-10-09T14:29:22.5620905Z,1,2016-10-09T14:26:27.794Z
2016-10-09T14:25:16,cloud,2,2016-10-09T14:29:22.4214886Z,0,2016-10-09T14:26:28.467Z
2016-10-09T14:25:16,Unknown,2,2016-10-09T14:29:22.4214886Z,0,2016-10-09T14:26:29.129Z
2016-10-09T14:25:16,XBox,2,2016-10-09T14:29:22.5620905Z,1,2016-10-09T14:26:29.752Z
2016-10-09T14:25:16,amazon,2,2016-10-09T14:29:22.5620905Z,1,2016-10-09T14:26:30.409Z
2016-10-09T14:25:16,Unknown,2,2016-10-09T14:29:22.4214886Z,0,2016-10-09T14:26:31.086Z
2016-10-09T14:25:16,google,4,2016-10-09T14:29:23.3121303Z,3,2016-10-09T14:26:31.669Z
2016-10-09T14:25:16,Unknown,2,2016-10-09T14:29:22.4214886Z,0,2016-10-09T14:26:32.37Z
2016-10-09T14:25:16,amazon,2,2016-10-09T14:29:22.5620905Z,1,2016-10-09T14:26:32.978Z
2016-10-09T14:25:16,amazon,2,2016-10-09T14:29:22.5620905Z,1,2016-10-09T14:26:33.696Z
2016-10-09T14:25:17,google,2,2016-10-09T14:29:23.3121303Z,3,2016-10-09T14:26:34.505Z
2016-10-09T14:25:17,google,2,2016-10-09T14:29:23.3121303Z,3,2016-10-09T14:26:35.13Z
2016-10-09T14:25:17,Unknown,2,2016-10-09T14:29:22.4214886Z,0,2016-10-09T14:26:35.842Z
2016-10-09T14:26:36,bigdata,2,2016-10-09T14:29:22.5620905Z,1,2016-10-09T14:26:37.42Z
2016-10-09T14:26:36,Unknown,4,2016-10-09T14:29:22.4370888Z,0,2016-10-09T14:26:38.081Z
2016-10-09T14:26:36,Unknown,2,2016-10-09T14:29:22.4370888Z,0,2016-10-09T14:26:38.706Z
2016-10-09T14:26:36,google,2,2016-10-09T14:29:23.3121303Z,3,2016-10-09T14:26:39.271Z
2016-10-09T14:26:36,google,2,2016-10-09T14:29:23.3121303Z,3,2016-10-09T14:26:39.927Z
2016-10-09T14:26:36,google,2,2016-10-09T14:29:23.3121303Z,3,2016-10-09T14:26:40.554Z
2016-10-09T14:26:36,cloud,4,2016-10-09T14:29:22.4370888Z,0,2016-10-09T14:26:41.287Z
2016-10-09T14:26:37,amazon,2,2016-10-09T14:29:22.5620905Z,1,2016-10-09T14:26:41.896Z
2016-10-09T14:26:37,Skype,4,2016-10-09T14:29:23.1246231Z,2,2016-10-09T14:26:42.562Z
2016-10-09T14:26:37,google,2,2016-10-09T14:29:23.3121303Z,3,2016-10-09T14:26:43.179Z
2016-10-09T14:26:37,Unknown,2,2016-10-09T14:29:22.4370888Z,0,2016-10-09T14:26:43.883Z
2016-10-09T14:26:37,Microsoft,2,2016-10-09T14:29:22.4370888Z,0,2016-10-09T14:26:44.523Z
2016-10-09T14:26:37,Unknown,2,2016-10-09T14:29:22.4370888Z,0,2016-10-09T14:26:45.148Z
2016-10-09T14:26:37,XBox,2,2016-10-09T14:29:22.5620905Z,1,2016-10-09T14:26:45.742Z
2016-10-09T14:26:37,bigdata,2,2016-10-09T14:29:22.5620905Z,1,2016-10-09T14:26:46.383Z
2016-10-09T14:26:37,Unknown,2,2016-10-09T14:29:22.4370888Z,0,2016-10-09T14:26:47.039Z
2016-10-09T14:26:37,Unknown,2,2016-10-09T14:29:22.4370888Z,0,2016-10-09T14:26:47.665Z
2016-10-09T14:26:37,Unknown,2,2016-10-09T14:29:22.4370888Z,0,2016-10-09T14:26:48.305Z
2016-10-09T14:26:37,google,2,2016-10-09T14:29:23.3121303Z,3,2016-10-09T14:26:48.887Z
2016-10-09T14:26:37,google,4,2016-10-09T14:29:23.3121303Z,3,2016-10-09T14:26:49.512Z
2016-10-09T14:26:37,amazon,2,2016-10-09T14:29:22.5620905Z,1,2016-10-09T14:26:50.186Z
2016-10-09T14:26:37,XBox,2,2016-10-09T14:29:22.5620905Z,1,2016-10-09T14:26:50.826Z
2016-10-09T14:26:37,cloud,2,2016-10-09T14:29:22.4370888Z,0,2016-10-09T14:26:51.483Z
2016-10-09T14:26:38,Skype,2,2016-10-09T14:29:23.1246231Z,2,2016-10-09T14:26:52.155Z
2016-10-09T14:26:38,Unknown,4,2016-10-09T14:29:22.4370888Z,0,2016-10-09T14:26:52.765Z
2016-10-09T14:26:38,Unknown,2,2016-10-09T14:29:22.4370888Z,0,2016-10-09T14:26:53.39Z
2016-10-09T14:26:38,bigdata,4,2016-10-09T14:29:22.5620905Z,1,2016-10-09T14:26:54.021Z
2016-10-09T14:26:38,amazon,2,2016-10-09T14:29:22.5620905Z,1,2016-10-09T14:26:54.662Z
2016-10-09T14:26:39,bigdata,2,2016-10-09T14:29:22.5620905Z,1,2016-10-09T14:26:55.334Z
2016-10-09T14:26:38,Microsoft,2,2016-10-09T14:29:22.4370888Z,0,2016-10-09T14:26:55.988Z
2016-10-09T14:26:38,Microsoft,4,2016-10-09T14:29:22.4370888Z,0,2016-10-09T14:26:56.631Z
2016-10-09T14:26:39,Microsoft,4,2016-10-09T14:29:22.4370888Z,0,2016-10-09T14:26:57.256Z
2016-10-09T14:26:39,amazon,2,2016-10-09T14:29:22.5620905Z,1,2016-10-09T14:26:57.882Z
2016-10-09T14:26:38,Unknown,2,2016-10-09T14:29:22.4370888Z,0,2016-10-09T14:26:58.537Z
2016-10-09T14:26:39,amazon,2,2016-10-09T14:29:22.5620905Z,1,2016-10-09T14:26:59.195Z
2016-10-09T14:26:39,google,2,2016-10-09T14:29:23.3121303Z,3,2016-10-09T14:26:59.805Z
2016-10-09T14:26:39,amazon,2,2016-10-09T14:29:22.5620905Z,1,2016-10-09T14:27:00.477Z
2016-10-09T14:26:39,cloud,4,2016-10-09T14:29:22.4370888Z,0,2016-10-09T14:27:01.138Z
2016-10-09T14:26:39,Unknown,2,2016-10-09T14:29:22.4370888Z,0,2016-10-09T14:27:01.763Z
2016-10-09T14:26:39,bigdata,2,2016-10-09T14:29:22.5620905Z,1,2016-10-09T14:27:02.447Z
2016-10-09T14:26:40,amazon,2,2016-10-09T14:29:22.5620905Z,1,2016-10-09T14:27:03.091Z
2016-10-09T14:26:40,XBox,2,2016-10-09T14:29:22.5620905Z,1,2016-10-09T14:27:03.716Z
2016-10-09T14:26:40,amazon,2,2016-10-09T14:29:22.5620905Z,1,2016-10-09T14:27:04.359Z
2016-10-09T14:26:40,hacking,2,2016-10-09T14:29:22.5620905Z,1,2016-10-09T14:27:04.984Z
2016-10-09T14:26:40,amazon,2,2016-10-09T14:29:22.5620905Z,1,2016-10-09T14:27:06.035Z
2016-10-09T14:26:39,amazon,2,2016-10-09T14:29:22.5620905Z,1,2016-10-09T14:27:06.66Z
2016-10-09T14:26:40,google,2,2016-10-09T14:29:23.3121303Z,3,2016-10-09T14:27:07.244Z
2016-10-09T14:26:40,google,2,2016-10-09T14:29:23.3121303Z,3,2016-10-09T14:27:07.869Z
2016-10-09T14:26:40,amazon,2,2016-10-09T14:29:22.5620905Z,1,2016-10-09T14:27:08.535Z
2016-10-09T14:26:40,Unknown,2,2016-10-09T14:29:22.4370888Z,0,2016-10-09T14:27:09.228Z
2016-10-09T14:26:40,XBox,2,2016-10-09T14:29:22.5620905Z,1,2016-10-09T14:27:09.821Z
2016-10-09T14:26:40,Microsoft,4,2016-10-09T14:29:22.4370888Z,0,2016-10-09T14:27:10.513Z
2016-10-09T14:26:40,Unknown,2,2016-10-09T14:29:22.4370888Z,0,2016-10-09T14:27:11.216Z
2016-10-09T14:26:40,Unknown,2,2016-10-09T14:29:22.4370888Z,0,2016-10-09T14:27:11.872Z
2016-10-09T14:26:40,Unknown,2,2016-10-09T14:29:22.4370888Z,0,2016-10-09T14:27:12.513Z
2016-10-09T14:26:40,google,4,2016-10-09T14:29:23.3277865Z,3,2016-10-09T14:27:13.057Z
2016-10-09T14:26:40,google,2,2016-10-09T14:29:23.3277865Z,3,2016-10-09T14:27:13.713Z
2016-10-09T14:26:41,Unknown,2,2016-10-09T14:29:22.4370888Z,0,2016-10-09T14:27:14.391Z
2016-10-09T14:26:41,XBox,2,2016-10-09T14:29:22.5620905Z,1,2016-10-09T14:27:15.012Z
2016-10-09T14:26:41,bigdata,2,2016-10-09T14:29:22.5620905Z,1,2016-10-09T14:27:15.657Z
2016-10-09T14:26:41,cloud,2,2016-10-09T14:29:22.4370888Z,0,2016-10-09T14:27:16.316Z
2016-10-09T14:26:41,amazon,2,2016-10-09T14:29:22.5620905Z,1,2016-10-09T14:27:16.924Z
2016-10-09T14:26:41,Unknown,2,2016-10-09T14:29:22.4370888Z,0,2016-10-09T14:27:17.66Z
2016-10-09T14:26:41,XBox,2,2016-10-09T14:29:22.5620905Z,1,2016-10-09T14:27:18.256Z
2016-10-09T14:26:41,Unknown,2,2016-10-09T14:29:22.4370888Z,0,2016-10-09T14:27:18.962Z
2016-10-09T14:26:41,amazon,2,2016-10-09T14:29:22.5620905Z,1,2016-10-09T14:27:19.585Z
2016-10-09T14:26:42,amazon,2,2016-10-09T14:29:22.5620905Z,1,2016-10-09T14:27:20.21Z
2016-10-09T14:26:42,google,2,2016-10-09T14:29:23.3277865Z,3,2016-10-09T14:27:20.813Z
2016-10-09T14:26:42,Skype,2,2016-10-09T14:29:23.1246231Z,2,2016-10-09T14:27:21.511Z
2016-10-09T14:26:41,Unknown,0,2016-10-09T14:29:22.4370888Z,0,2016-10-09T14:27:22.138Z
2016-10-09T14:26:42,Unknown,2,2016-10-09T14:29:22.4370888Z,0,2016-10-09T14:27:22.796Z
2016-10-09T14:26:42,google,2,2016-10-09T14:29:23.3277865Z,3,2016-10-09T14:27:23.367Z
2016-10-09T14:26:42,XBox,2,2016-10-09T14:29:22.5620905Z,1,2016-10-09T14:27:24.041Z
2016-10-09T14:26:42,Unknown,2,2016-10-09T14:29:22.4370888Z,0,2016-10-09T14:27:24.704Z
2016-10-09T14:26:42,google,2,2016-10-09T14:29:23.3277865Z,3,2016-10-09T14:27:25.258Z
2016-10-09T14:26:42,Unknown,4,2016-10-09T14:29:22.4370888Z,0,2016-10-09T14:27:25.986Z
2016-10-09T14:26:42,Unknown,2,2016-10-09T14:29:22.4370888Z,0,2016-10-09T14:27:26.642Z
2016-10-09T14:26:42,cloud,2,2016-10-09T14:29:22.4370888Z,0,2016-10-09T14:27:27.284Z
2016-10-09T14:26:42,bigdata,2,2016-10-09T14:29:22.5620905Z,1,2016-10-09T14:27:27.889Z
2016-10-09T14:26:42,Skype,2,2016-10-09T14:29:23.1246231Z,2,2016-10-09T14:27:28.795Z
2016-10-09T14:26:43,Microsoft,4,2016-10-09T14:29:22.4370888Z,0,2016-10-09T14:27:29.426Z
2016-10-09T14:26:42,cloud,2,2016-10-09T14:29:22.4370888Z,0,2016-10-09T14:27:30.082Z
2016-10-09T14:26:43,XBox,2,2016-10-09T14:29:22.5620905Z,1,2016-10-09T14:27:30.658Z
2016-10-09T14:26:43,google,2,2016-10-09T14:29:23.3277865Z,3,2016-10-09T14:27:31.282Z
2016-10-09T14:26:43,bigdata,4,2016-10-09T14:29:22.5620905Z,1,2016-10-09T14:27:31.94Z
2016-10-09T14:26:43,amazon,4,2016-10-09T14:29:22.5620905Z,1,2016-10-09T14:27:32.566Z
2016-10-09T14:26:43,XBox,2,2016-10-09T14:29:22.5620905Z,1,2016-10-09T14:27:33.191Z
2016-10-09T14:26:43,google,2,2016-10-09T14:29:23.3277865Z,3,2016-10-09T14:27:33.784Z
2016-10-09T14:26:43,bigdata,2,2016-10-09T14:29:22.5620905Z,1,2016-10-09T14:27:34.442Z
2016-10-09T14:26:43,google,4,2016-10-09T14:29:23.3277865Z,3,2016-10-09T14:27:35.023Z
2016-10-09T14:26:43,programming,2,2016-10-09T14:29:23.1402449Z,2,2016-10-09T14:27:35.738Z
2016-10-09T14:26:43,Unknown,2,2016-10-09T14:29:22.4370888Z,0,2016-10-09T14:27:36.354Z
2016-10-09T14:26:43,amazon,2,2016-10-09T14:29:22.5777166Z,1,2016-10-09T14:27:36.962Z
2016-10-09T14:26:43,bigdata,2,2016-10-09T14:29:22.5777166Z,1,2016-10-09T14:27:37.589Z
2016-10-09T14:26:44,Unknown,2,2016-10-09T14:29:22.4370888Z,0,2016-10-09T14:27:38.262Z
2016-10-09T14:26:44,bigdata,2,2016-10-09T14:29:22.5777166Z,1,2016-10-09T14:27:38.86Z
2016-10-09T14:26:44,Unknown,2,2016-10-09T14:29:22.4370888Z,0,2016-10-09T14:27:39.529Z
2016-10-09T14:26:44,amazon,2,2016-10-09T14:29:22.5777166Z,1,2016-10-09T14:27:40.126Z
2016-10-09T14:26:44,Unknown,2,2016-10-09T14:29:22.4370888Z,0,2016-10-09T14:27:40.782Z
2016-10-09T14:26:44,XBox,2,2016-10-09T14:29:22.5777166Z,1,2016-10-09T14:27:41.395Z
2016-10-09T14:26:44,cloud,2,2016-10-09T14:29:22.4370888Z,0,2016-10-09T14:27:42.125Z
2016-10-09T14:26:44,Unknown,2,2016-10-09T14:29:22.4370888Z,0,2016-10-09T14:27:42.75Z
2016-10-09T14:26:44,cloud,2,2016-10-09T14:29:22.4370888Z,0,2016-10-09T14:27:43.375Z
2016-10-09T14:26:44,Unknown,2,2016-10-09T14:29:22.4370888Z,0,2016-10-09T14:27:44.017Z
2016-10-09T14:26:44,Unknown,2,2016-10-09T14:29:22.4370888Z,0,2016-10-09T14:27:44.861Z
2016-10-09T14:26:44,google,4,2016-10-09T14:29:23.3277865Z,3,2016-10-09T14:27:45.437Z
2016-10-09T14:26:44,amazon,2,2016-10-09T14:29:22.5777166Z,1,2016-10-09T14:27:46.103Z
2016-10-09T14:26:45,google,2,2016-10-09T14:29:23.3277865Z,3,2016-10-09T14:27:46.739Z
2016-10-09T14:26:45,Unknown,2,2016-10-09T14:29:22.4370888Z,0,2016-10-09T14:27:47.442Z
2016-10-09T14:26:45,amazon,2,2016-10-09T14:29:22.5777166Z,1,2016-10-09T14:27:48.032Z
2016-10-09T14:26:45,google,2,2016-10-09T14:29:23.3277865Z,3,2016-10-09T14:27:48.617Z
2016-10-09T14:26:45,amazon,2,2016-10-09T14:29:22.5777166Z,1,2016-10-09T14:27:49.749Z
2016-10-09T14:26:45,cloud,2,2016-10-09T14:29:22.4370888Z,0,2016-10-09T14:27:50.397Z
2016-10-09T14:26:45,google,2,2016-10-09T14:29:23.3277865Z,3,2016-10-09T14:27:50.977Z
2016-10-09T14:26:45,Unknown,4,2016-10-09T14:29:22.4370888Z,0,2016-10-09T14:27:51.679Z
2016-10-09T14:26:45,google,2,2016-10-09T14:29:23.3277865Z,3,2016-10-09T14:27:52.25Z
2016-10-09T14:26:46,amazon,2,2016-10-09T14:29:22.5777166Z,1,2016-10-09T14:27:52.946Z
2016-10-09T14:26:46,amazon,2,2016-10-09T14:29:22.5777166Z,1,2016-10-09T14:27:53.571Z
2016-10-09T14:26:46,Microsoft,4,2016-10-09T14:29:22.4370888Z,0,2016-10-09T14:27:54.226Z
2016-10-09T14:26:46,amazon,4,2016-10-09T14:29:22.5777166Z,1,2016-10-09T14:27:54.854Z
2016-10-09T14:26:46,Microsoft,2,2016-10-09T14:29:22.4370888Z,0,2016-10-09T14:27:55.507Z
2016-10-09T14:26:46,XBox,2,2016-10-09T14:29:22.5777166Z,1,2016-10-09T14:27:56.104Z
2016-10-09T14:26:46,Unknown,2,2016-10-09T14:29:22.4370888Z,0,2016-10-09T14:27:56.79Z
2016-10-09T14:26:46,Unknown,4,2016-10-09T14:29:22.4370888Z,0,2016-10-09T14:27:57.415Z
2016-10-09T14:26:46,Microsoft,2,2016-10-09T14:29:22.4370888Z,0,2016-10-09T14:27:58.073Z
2016-10-09T14:26:47,amazon,2,2016-10-09T14:29:22.5777166Z,1,2016-10-09T14:27:58.671Z
2016-10-09T14:26:47,amazon,2,2016-10-09T14:29:22.5777166Z,1,2016-10-09T14:27:59.315Z
2016-10-09T14:26:47,Unknown,4,2016-10-09T14:29:22.4370888Z,0,2016-10-09T14:27:59.979Z
2016-10-09T14:26:47,google,4,2016-10-09T14:29:23.3277865Z,3,2016-10-09T14:28:00.557Z
2016-10-09T14:28:01,google,2,2016-10-09T14:29:23.3277865Z,3,2016-10-09T14:28:02.799Z
2016-10-09T14:28:01,Unknown,4,2016-10-09T14:29:22.4370888Z,0,2016-10-09T14:28:03.498Z
2016-10-09T14:28:01,Unknown,2,2016-10-09T14:29:22.4528809Z,0,2016-10-09T14:28:04.155Z
2016-10-09T14:28:01,cloud,2,2016-10-09T14:29:22.4528809Z,0,2016-10-09T14:28:04.796Z
2016-10-09T14:28:00,cloud,2,2016-10-09T14:29:22.4528809Z,0,2016-10-09T14:28:05.439Z
2016-10-09T14:28:01,programming,2,2016-10-09T14:29:23.1402449Z,2,2016-10-09T14:28:06.136Z
2016-10-09T14:28:01,Skype,2,2016-10-09T14:29:23.1402449Z,2,2016-10-09T14:28:06.778Z
2016-10-09T14:28:01,bigdata,2,2016-10-09T14:29:22.5777166Z,1,2016-10-09T14:28:07.346Z
2016-10-09T14:28:01,Unknown,2,2016-10-09T14:29:22.4528809Z,0,2016-10-09T14:28:08.021Z
2016-10-09T14:28:01,bigdata,4,2016-10-09T14:29:22.5777166Z,1,2016-10-09T14:28:08.616Z
2016-10-09T14:28:02,google,2,2016-10-09T14:29:23.3277865Z,3,2016-10-09T14:28:09.208Z
2016-10-09T14:28:02,Unknown,2,2016-10-09T14:29:22.4528809Z,0,2016-10-09T14:28:09.929Z
2016-10-09T14:28:02,google,2,2016-10-09T14:29:23.3277865Z,3,2016-10-09T14:28:10.507Z
2016-10-09T14:28:02,amazon,2,2016-10-09T14:29:22.5777166Z,1,2016-10-09T14:28:11.182Z
2016-10-09T14:28:02,amazon,2,2016-10-09T14:29:22.5777166Z,1,2016-10-09T14:28:11.808Z
2016-10-09T14:28:02,bigdata,4,2016-10-09T14:29:22.5777166Z,1,2016-10-09T14:28:12.434Z
2016-10-09T14:28:01,amazon,2,2016-10-09T14:29:22.5777166Z,1,2016-10-09T14:28:13.091Z
2016-10-09T14:28:02,Unknown,2,2016-10-09T14:29:22.4528809Z,0,2016-10-09T14:28:13.745Z
2016-10-09T14:28:02,amazon,2,2016-10-09T14:29:22.5777166Z,1,2016-10-09T14:28:14.373Z
2016-10-09T14:28:02,google,4,2016-10-09T14:29:23.3277865Z,3,2016-10-09T14:28:14.973Z
2016-10-09T14:28:02,google,2,2016-10-09T14:29:23.3277865Z,3,2016-10-09T14:28:15.588Z
2016-10-09T14:28:02,Unknown,2,2016-10-09T14:29:22.4528809Z,0,2016-10-09T14:28:16.341Z
2016-10-09T14:28:02,XBox,2,2016-10-09T14:29:22.5777166Z,1,2016-10-09T14:28:16.957Z
2016-10-09T14:28:02,google,2,2016-10-09T14:29:23.3277865Z,3,2016-10-09T14:28:17.685Z
2016-10-09T14:28:02,amazon,2,2016-10-09T14:29:22.5777166Z,1,2016-10-09T14:28:18.364Z
2016-10-09T14:28:02,Skype,2,2016-10-09T14:29:23.1402449Z,2,2016-10-09T14:28:19.062Z
2016-10-09T14:28:02,Unknown,2,2016-10-09T14:29:22.4528809Z,0,2016-10-09T14:28:19.687Z
2016-10-09T14:28:02,Unknown,2,2016-10-09T14:29:22.4528809Z,0,2016-10-09T14:28:20.33Z
2016-10-09T14:28:02,Unknown,2,2016-10-09T14:29:22.4528809Z,0,2016-10-09T14:28:20.955Z
2016-10-09T14:28:02,amazon,2,2016-10-09T14:29:22.5777166Z,1,2016-10-09T14:28:21.548Z
2016-10-09T14:28:03,Microsoft,2,2016-10-09T14:29:22.4528809Z,0,2016-10-09T14:28:22.221Z
2016-10-09T14:28:03,Microsoft,2,2016-10-09T14:29:22.4528809Z,0,2016-10-09T14:28:22.846Z
2016-10-09T14:28:03,amazon,2,2016-10-09T14:29:22.5777166Z,1,2016-10-09T14:28:23.441Z
2016-10-09T14:28:03,bigdata,4,2016-10-09T14:29:22.5777166Z,1,2016-10-09T14:28:24.082Z
2016-10-09T14:28:03,Skype,2,2016-10-09T14:29:23.1402449Z,2,2016-10-09T14:28:24.734Z
2016-10-09T14:28:03,google,2,2016-10-09T14:29:23.3277865Z,3,2016-10-09T14:28:25.303Z
2016-10-09T14:28:03,amazon,2,2016-10-09T14:29:22.5777166Z,1,2016-10-09T14:28:25.96Z
2016-10-09T14:28:03,google,2,2016-10-09T14:29:23.3277865Z,3,2016-10-09T14:28:26.57Z
2016-10-09T14:28:04,google,2,2016-10-09T14:29:23.3277865Z,3,2016-10-09T14:28:27.211Z
2016-10-09T14:28:04,XBox,2,2016-10-09T14:29:22.5777166Z,1,2016-10-09T14:28:27.871Z
2016-10-09T14:28:04,google,2,2016-10-09T14:29:23.3277865Z,3,2016-10-09T14:28:28.464Z
2016-10-09T14:28:04,google,2,2016-10-09T14:29:23.3277865Z,3,2016-10-09T14:28:29.105Z
2016-10-09T14:28:04,Unknown,2,2016-10-09T14:29:22.4528809Z,0,2016-10-09T14:28:29.788Z
2016-10-09T14:28:04,amazon,2,2016-10-09T14:29:22.5777166Z,1,2016-10-09T14:28:30.394Z
2016-10-09T14:28:04,XBox,2,2016-10-09T14:29:22.5777166Z,1,2016-10-09T14:28:31.021Z
2016-10-09T14:28:04,Unknown,2,2016-10-09T14:29:22.4528809Z,0,2016-10-09T14:28:31.679Z
2016-10-09T14:28:04,amazon,2,2016-10-09T14:29:22.5777166Z,1,2016-10-09T14:28:32.273Z
2016-10-09T14:28:04,Unknown,2,2016-10-09T14:29:22.4528809Z,0,2016-10-09T14:28:32.961Z
2016-10-09T14:28:03,google,2,2016-10-09T14:29:23.3277865Z,3,2016-10-09T14:28:33.531Z
2016-10-09T14:28:04,Skype,2,2016-10-09T14:29:23.1402449Z,2,2016-10-09T14:28:34.265Z
2016-10-09T14:28:04,Unknown,2,2016-10-09T14:29:22.4528809Z,0,2016-10-09T14:28:34.872Z
2016-10-09T14:28:04,Unknown,2,2016-10-09T14:29:22.4528809Z,0,2016-10-09T14:28:35.592Z
2016-10-09T14:28:04,Unknown,2,2016-10-09T14:29:22.4528809Z,0,2016-10-09T14:28:36.232Z
2016-10-09T14:28:04,google,2,2016-10-09T14:29:23.3277865Z,3,2016-10-09T14:28:36.803Z
2016-10-09T14:28:04,XBox,4,2016-10-09T14:29:22.5777166Z,1,2016-10-09T14:28:37.537Z
2016-10-09T14:28:04,XBox,2,2016-10-09T14:29:22.5777166Z,1,2016-10-09T14:28:38.162Z
2016-10-09T14:28:04,google,2,2016-10-09T14:29:23.3277865Z,3,2016-10-09T14:28:38.747Z
2016-10-09T14:28:04,google,2,2016-10-09T14:29:23.3277865Z,3,2016-10-09T14:28:39.372Z
2016-10-09T14:28:04,amazon,2,2016-10-09T14:29:22.5777166Z,1,2016-10-09T14:28:40.071Z
2016-10-09T14:28:04,XBox,2,2016-10-09T14:29:22.5777166Z,1,2016-10-09T14:28:40.696Z
2016-10-09T14:28:05,Unknown,2,2016-10-09T14:29:22.4528809Z,0,2016-10-09T14:28:41.393Z
2016-10-09T14:28:05,Unknown,2,2016-10-09T14:29:22.4528809Z,0,2016-10-09T14:28:42.033Z
2016-10-09T14:28:05,google,2,2016-10-09T14:29:23.3277865Z,3,2016-10-09T14:28:43.392Z
2016-10-09T14:28:05,google,2,2016-10-09T14:29:23.3277865Z,3,2016-10-09T14:28:44.095Z
2016-10-09T14:28:05,Unknown,2,2016-10-09T14:29:22.4528809Z,0,2016-10-09T14:28:44.784Z
2016-10-09T14:28:05,hacking,2,2016-10-09T14:29:22.5777166Z,1,2016-10-09T14:28:45.395Z
2016-10-09T14:28:05,amazon,2,2016-10-09T14:29:22.5777166Z,1,2016-10-09T14:28:46.101Z
2016-10-09T14:28:05,google,2,2016-10-09T14:29:23.3277865Z,3,2016-10-09T14:28:46.693Z
2016-10-09T14:28:05,google,2,2016-10-09T14:29:23.3277865Z,3,2016-10-09T14:28:47.318Z
2016-10-09T14:28:05,cloud,2,2016-10-09T14:29:22.4528809Z,0,2016-10-09T14:28:48.021Z
2016-10-09T14:28:05,Unknown,2,2016-10-09T14:29:22.4528809Z,0,2016-10-09T14:28:48.646Z
2016-10-09T14:28:05,Unknown,2,2016-10-09T14:29:22.4528809Z,0,2016-10-09T14:28:49.302Z
2016-10-09T14:28:05,Unknown,4,2016-10-09T14:29:22.4528809Z,0,2016-10-09T14:28:49.974Z
2016-10-09T14:28:05,google,2,2016-10-09T14:29:23.3277865Z,3,2016-10-09T14:28:50.558Z
2016-10-09T14:28:05,Unknown,2,2016-10-09T14:29:22.4528809Z,0,2016-10-09T14:28:51.258Z
2016-10-09T14:28:05,Microsoft,2,2016-10-09T14:29:22.4528809Z,0,2016-10-09T14:28:51.883Z
2016-10-09T14:28:05,bigdata,2,2016-10-09T14:29:22.5777166Z,1,2016-10-09T14:28:52.497Z
2016-10-09T14:28:05,amazon,0,2016-10-09T14:29:22.5777166Z,1,2016-10-09T14:28:53.125Z
2016-10-09T14:28:05,amazon,2,2016-10-09T14:29:22.5777166Z,1,2016-10-09T14:28:53.751Z
2016-10-09T14:28:05,amazon,2,2016-10-09T14:29:22.5777166Z,1,2016-10-09T14:28:54.376Z
2016-10-09T14:28:06,amazon,2,2016-10-09T14:29:22.5777166Z,1,2016-10-09T14:28:55.017Z
2016-10-09T14:28:06,Unknown,2,2016-10-09T14:29:22.4686532Z,0,2016-10-09T14:28:55.694Z
2016-10-09T14:28:06,bigdata,4,2016-10-09T14:29:22.5777166Z,1,2016-10-09T14:28:56.314Z
2016-10-09T14:28:06,Unknown,2,2016-10-09T14:29:22.4686532Z,0,2016-10-09T14:28:57.023Z
2016-10-09T14:28:06,Unknown,2,2016-10-09T14:29:22.4686532Z,0,2016-10-09T14:28:57.635Z
2016-10-09T14:28:06,google,2,2016-10-09T14:29:23.3277865Z,3,2016-10-09T14:28:58.211Z
2016-10-09T14:28:06,google,2,2016-10-09T14:29:23.3277865Z,3,2016-10-09T14:28:58.851Z
2016-10-09T14:28:06,Unknown,2,2016-10-09T14:29:22.4686532Z,0,2016-10-09T14:28:59.558Z
2016-10-09T14:28:06,google,2,2016-10-09T14:29:23.3277865Z,3,2016-10-09T14:29:00.117Z
2016-10-09T14:28:06,XBox,2,2016-10-09T14:29:22.5777166Z,1,2016-10-09T14:29:00.758Z
2016-10-09T14:28:06,hacking,4,2016-10-09T14:29:22.5777166Z,1,2016-10-09T14:29:01.399Z
2016-10-09T14:28:06,google,2,2016-10-09T14:29:23.3277865Z,3,2016-10-09T14:29:02.009Z
2016-10-09T14:28:06,Unknown,2,2016-10-09T14:29:22.4686532Z,0,2016-10-09T14:29:02.717Z
2016-10-09T14:28:06,google,2,2016-10-09T14:29:23.3277865Z,3,2016-10-09T14:29:03.291Z
2016-10-09T14:28:06,bigdata,4,2016-10-09T14:29:22.5777166Z,1,2016-10-09T14:29:03.993Z
2016-10-09T14:28:06,Unknown,2,2016-10-09T14:29:22.4686532Z,0,2016-10-09T14:29:04.641Z
2016-10-09T14:28:06,cloud,2,2016-10-09T14:29:22.4686532Z,0,2016-10-09T14:29:05.281Z
2016-10-09T14:28:07,amazon,2,2016-10-09T14:29:22.5777166Z,1,2016-10-09T14:29:05.876Z
2016-10-09T14:28:06,google,4,2016-10-09T14:29:23.3277865Z,3,2016-10-09T14:29:06.799Z
2016-10-09T14:28:07,google,2,2016-10-09T14:29:23.3277865Z,3,2016-10-09T14:29:07.44Z
2016-10-09T14:28:07,XBox,2,2016-10-09T14:29:22.5777166Z,1,2016-10-09T14:29:08.192Z
2016-10-09T14:28:07,google,2,2016-10-09T14:29:23.3277865Z,3,2016-10-09T14:29:08.784Z
2016-10-09T14:28:07,Unknown,2,2016-10-09T14:29:22.4686532Z,0,2016-10-09T14:29:09.477Z
2016-10-09T14:28:07,Unknown,2,2016-10-09T14:29:22.4686532Z,0,2016-10-09T14:29:10.134Z
2016-10-09T14:28:07,programming,4,2016-10-09T14:29:23.1402449Z,2,2016-10-09T14:29:10.795Z
2016-10-09T14:28:07,Unknown,2,2016-10-09T14:29:22.4686532Z,0,2016-10-09T14:29:11.437Z
2016-10-09T14:28:07,XBox,4,2016-10-09T14:29:22.5777166Z,1,2016-10-09T14:29:12.029Z
2016-10-09T14:28:07,google,2,2016-10-09T14:29:23.3277865Z,3,2016-10-09T14:29:12.647Z
2016-10-09T14:28:07,Microsoft,2,2016-10-09T14:29:22.4686532Z,0,2016-10-09T14:29:13.352Z
2016-10-09T14:28:07,bigdata,2,2016-10-09T14:29:22.5777166Z,1,2016-10-09T14:29:13.966Z
2016-10-09T14:28:07,XBox,2,2016-10-09T14:29:22.5777166Z,1,2016-10-09T14:29:14.596Z
2016-10-09T14:28:07,google,2,2016-10-09T14:29:23.3277865Z,3,2016-10-09T14:29:15.351Z
2016-10-09T14:28:07,Unknown,2,2016-10-09T14:29:22.4686532Z,0,2016-10-09T14:29:16.042Z